o0,o1,o2,o3,o4,o5,o6,o7,o8,o9,o10,o11,o12,o13,o14,o15,o16,o17,o18,o19,y
1,1,1,0,0,1,1,1,1,0,1,1,0,0,0,0,0,1,0,1,122.52174201909824
1,1,1,0,0,1,1,1,1,0,1,1,0,0,0,0,0,1,0,1,217.86834247926433
1,1,1,0,0,1,1,1,1,0,1,1,0,0,0,0,0,1,0,1,32.735678267833613
1,1,1,0,0,1,1,1,1,0,1,1,0,0,0,0,0,1,0,1,146.97969343558964
1,1,1,0,0,1,1,1,1,0,1,1,0,0,0,0,0,1,0,1,174.87965113656793
1,1,1,0,0,1,1,1,1,0,1,1,0,0,0,0,0,1,0,1,188.75031184953394
1,1,1,0,0,1,1,1,1,0,1,1,0,0,0,0,0,1,0,1,31.047716961688021
1,1,1,0,0,1,1,1,1,0,1,1,0,0,0,0,0,1,0,1,62.818369736187122
1,1,1,0,0,1,1,1,1,0,1,1,0,0,0,0,0,1,0,1,139.23082730692408
1,1,1,0,0,1,1,1,1,0,1,1,0,0,0,0,0,1,0,1,164.37253975415382
1,1,1,0,0,1,1,1,1,0,1,1,0,0,0,0,0,1,0,1,155.4310308972712
1,1,1,0,0,1,1,1,1,0,1,1,0,0,0,0,0,1,0,1,161.75749094545648
1,1,1,0,0,1,1,1,1,0,1,1,0,0,0,0,0,1,0,1,158.95998680805371
1,1,1,0,0,1,1,1,1,0,1,1,0,0,0,0,0,1,0,1,187.35207256882163
1,1,1,0,0,1,1,1,1,0,1,1,0,0,0,0,0,1,0,1,140.51485835453835
1,1,1,0,0,1,1,1,1,0,1,1,0,0,0,0,0,1,0,1,268.68022271176073
1,1,1,0,0,1,1,1,1,0,1,1,0,0,0,0,0,1,0,1,110.58645629613038
1,1,1,0,0,1,1,1,1,0,1,1,0,0,0,0,0,1,0,1,187.37394323281319
1,1,1,0,0,1,1,1,1,0,1,1,0,0,0,0,0,1,0,1,68.062240198687974
1,1,1,0,0,1,1,1,1,0,1,1,0,0,0,0,0,1,0,1,112.13272446426186
1,1,1,0,0,1,1,1,1,0,1,1,0,0,0,0,0,1,0,1,37.240241835137674
1,1,1,0,0,1,1,1,1,0,1,1,0,0,0,0,0,1,0,1,242.99281189802451
1,1,1,0,0,1,1,1,1,0,1,1,0,0,0,0,0,1,0,1,160.63328314513791
1,1,1,0,0,1,1,1,1,0,1,1,0,0,0,0,0,1,0,1,170.41416558395005
1,1,1,0,0,1,1,1,1,0,1,1,0,0,0,0,0,1,0,1,105.98009514736266
1,1,1,0,0,1,1,1,1,0,1,1,0,0,0,0,0,1,0,1,228.83124010512799
1,1,1,0,0,1,1,1,1,0,1,1,0,0,0,0,0,1,0,1,106.37838160954752
1,1,1,0,0,1,1,1,1,0,1,1,0,0,0,0,0,1,0,1,233.05047618389159
1,1,1,0,0,1,1,1,1,0,1,1,0,0,0,0,0,1,0,1,271.22156896138091
1,1,1,0,0,1,1,1,1,0,1,1,0,0,0,0,0,1,0,1,225.6298999615604
1,1,1,0,0,1,1,1,1,0,1,1,0,0,0,0,0,1,0,1,37.541646871735573
1,1,1,0,0,1,1,1,1,0,1,1,0,0,0,0,0,1,0,1,118.0158904007661
1,1,1,0,0,1,1,1,1,0,1,1,0,0,0,0,0,1,0,1,177.84776495717949
1,1,1,0,0,1,1,1,1,0,1,1,0,0,0,0,0,1,0,1,80.550446423002242
1,1,1,0,0,1,1,1,1,0,1,1,0,0,0,0,0,1,0,1,109.42970119672697
1,1,1,0,0,1,1,1,1,0,1,1,0,0,0,0,0,1,0,1,31.269329817549469
1,1,1,0,0,1,1,1,1,0,1,1,0,0,0,0,0,1,0,1,105.8271692874538
1,1,1,0,0,1,1,1,1,0,1,1,0,0,0,0,0,1,0,1,20.559820011120795
1,1,1,0,0,1,1,1,1,0,1,1,0,0,0,0,0,1,0,1,225.21217307394289
1,1,1,0,0,1,1,1,1,0,1,1,0,0,0,0,0,1,0,1,196.52935489946566
1,1,1,0,0,1,1,1,1,0,1,1,0,0,0,0,0,1,0,1,149.81203448891893
1,1,1,0,0,1,1,1,1,0,1,1,0,0,0,0,0,1,0,1,275.96382924077216
1,1,1,0,0,1,1,1,1,0,1,1,0,0,0,0,0,1,0,1,236.81359471111011
1,1,1,0,0,1,1,1,1,0,1,1,0,0,0,0,0,1,0,1,34.534070337899458
1,1,1,0,0,1,1,1,1,0,1,1,0,0,0,0,0,1,0,1,58.952429587434537
1,1,1,0,0,1,1,1,1,0,1,1,0,0,0,0,0,1,0,1,121.59567891266235
1,1,1,0,0,1,1,1,1,0,1,1,0,0,0,0,0,1,0,1,209.59582131245904
1,1,1,0,0,1,1,1,1,0,1,1,0,0,0,0,0,1,0,1,162.44908126918727
1,1,1,0,0,1,1,1,1,0,1,1,0,0,0,0,0,1,0,1,223.71914877381374
1,1,1,0,0,1,1,1,1,0,1,1,0,0,0,0,0,1,0,1,142.28685485097509
1,1,1,0,0,1,1,1,1,0,1,1,0,0,0,0,0,1,0,1,24.591734623766563
1,1,1,0,0,1,1,1,1,0,1,1,0,0,0,0,0,1,0,1,45.803205704468091
1,1,1,0,0,1,1,1,1,0,1,1,0,0,0,0,0,1,0,1,50.919284132598477
1,1,1,0,0,1,1,1,1,0,1,1,0,0,0,0,0,1,0,1,167.40381905993701
1,1,1,0,0,1,1,1,1,0,1,1,0,0,0,0,0,1,0,1,112.36933390853198
1,1,1,0,0,1,1,1,1,0,1,1,0,0,0,0,0,1,0,1,155.62588687753367
1,1,1,0,0,1,1,1,1,0,1,1,0,0,0,0,0,1,0,1,50.334687772434052
1,1,1,0,0,1,1,1,1,0,1,1,0,0,0,0,0,1,0,1,249.39415810045011
1,1,1,0,0,1,1,1,1,0,1,1,0,0,0,0,0,1,0,1,77.99973197811461
1,1,1,0,0,1,1,1,1,0,1,1,0,0,0,0,0,1,0,1,275.19181121377017
1,1,1,0,0,1,1,1,1,0,1,1,0,0,0,0,0,1,0,1,98.377784444422431
1,1,1,0,0,1,1,1,1,0,1,1,0,0,0,0,0,1,0,1,36.550566587104768
1,1,1,0,0,1,1,1,1,0,1,1,0,0,0,0,0,1,0,1,-7.134451067521411
1,1,1,0,0,1,1,1,1,0,1,1,0,0,0,0,0,1,0,1,201.48074415347824
1,1,1,0,0,1,1,1,1,0,1,1,0,0,0,0,0,1,0,1,60.438449168443995
1,1,1,0,0,1,1,1,1,0,1,1,0,0,0,0,0,1,0,1,131.45502844974041
1,1,1,0,0,1,1,1,1,0,1,1,0,0,0,0,0,1,0,1,63.030847247545594
1,1,1,0,0,1,1,1,1,0,1,1,0,0,0,0,0,1,0,1,61.281298325696234
1,1,1,0,0,1,1,1,1,0,1,1,0,0,0,0,0,1,0,1,91.448692302543151
1,1,1,0,0,1,1,1,1,0,1,1,0,0,0,0,0,1,0,1,90.344302960446115
1,1,1,0,0,1,1,1,1,0,1,1,0,0,0,0,0,1,0,1,206.99017852516528
1,1,1,0,0,1,1,1,1,0,1,1,0,0,0,0,0,1,0,1,32.244690011407002
1,1,1,0,0,1,1,1,1,0,1,1,0,0,0,0,0,1,0,1,125.26340977572619
1,1,1,0,0,1,1,1,1,0,1,1,0,0,0,0,0,1,0,1,249.30432437577525
1,1,1,0,0,1,1,1,1,0,1,1,0,0,0,0,0,1,0,1,156.4605340851279
1,1,1,0,0,1,1,1,1,0,1,1,0,0,0,0,0,1,0,1,187.79671716770889
1,1,1,0,0,1,1,1,1,0,1,1,0,0,0,0,0,1,0,1,161.4560859088586
1,1,1,0,0,1,1,1,1,0,1,1,0,0,0,0,0,1,0,1,214.7480009115061
1,1,1,0,0,1,1,1,1,0,1,1,0,0,0,0,0,1,0,1,76.945545922874658
1,1,1,0,0,1,1,1,1,0,1,1,0,0,0,0,0,1,0,1,141.22952536414431
1,1,1,0,0,1,1,1,1,0,1,1,0,0,0,0,0,1,0,1,229.59512665082508
1,1,1,0,0,1,1,1,1,0,1,1,0,0,0,0,0,1,0,1,266.57024875939197
1,1,1,0,0,1,1,1,1,0,1,1,0,0,0,0,0,1,0,1,198.45171464204651
1,1,1,0,0,1,1,1,1,0,1,1,0,0,0,0,0,1,0,1,153.41380510951956
1,1,1,0,0,1,1,1,1,0,1,1,0,0,0,0,0,1,0,1,229.6943882713378
1,1,1,0,0,1,1,1,1,0,1,1,0,0,0,0,0,1,0,1,61.892062299239555
1,1,1,0,0,1,1,1,1,0,1,1,0,0,0,0,0,1,0,1,114.31966729203091
1,1,1,0,0,1,1,1,1,0,1,1,0,0,0,0,0,1,0,1,199.03011399493087
1,1,1,0,0,1,1,1,1,0,1,1,0,0,0,0,0,1,0,1,260.18100999822269
1,1,1,0,0,1,1,1,1,0,1,1,0,0,0,0,0,1,0,1,98.139336100310373
1,1,1,0,0,1,1,1,1,0,1,1,0,0,0,0,0,1,0,1,142.30872551496662
1,1,1,0,0,1,1,1,1,0,1,1,0,0,0,0,0,1,0,1,50.283635942952628
1,1,1,0,0,1,1,1,1,0,1,1,0,0,0,0,0,1,0,1,94.922208698951948
1,1,1,0,0,1,1,1,1,0,1,1,0,0,0,0,0,1,0,1,122.21238308215281
1,1,1,0,0,1,1,1,1,0,1,1,0,0,0,0,0,1,0,1,158.6506278711083
1,1,1,0,0,1,1,1,1,0,1,1,0,0,0,0,0,1,0,1,155.74267384778125
1,1,1,0,0,1,1,1,1,0,1,1,0,0,0,0,0,1,0,1,83.938965307224862
1,1,1,0,0,1,1,1,1,0,1,1,0,0,0,0,0,1,0,1,59.264072537944585
1,1,1,0,0,1,1,1,1,0,1,1,0,0,0,0,0,1,0,1,36.520196101145025
1,1,1,0,0,1,1,1,1,0,1,1,0,0,0,0,0,1,0,1,92.328496692025425
1,1,1,0,0,1,1,1,1,0,1,1,0,0,0,0,0,1,0,1,87.986978811922555
1,1,1,0,0,1,1,1,1,0,1,1,0,0,0,0,0,1,0,1,221.72836813061446
1,1,1,0,0,1,1,1,1,0,1,1,0,0,0,0,0,1,0,1,73.122932243962438
1,1,1,0,0,1,1,1,1,0,1,1,0,0,0,0,0,1,0,1,138.40758582202227
1,1,1,0,0,1,1,1,1,0,1,1,0,0,0,0,0,1,0,1,242.33711572204211
1,1,1,0,0,1,1,1,1,0,1,1,0,0,0,0,0,1,0,1,172.61804540230619
1,1,1,0,0,1,1,1,1,0,1,1,0,0,0,0,0,1,0,1,168.1247852574576
1,1,1,0,0,1,1,1,1,0,1,1,0,0,0,0,0,1,0,1,49.077580623975258
1,1,1,0,0,1,1,1,1,0,1,1,0,0,0,0,0,1,0,1,226.9838892941637
1,1,1,0,0,1,1,1,1,0,1,1,0,0,0,0,0,1,0,1,58.853143046922469
1,1,1,0,0,1,1,1,1,0,1,1,0,0,0,0,0,1,0,1,97.793415395431893
1,1,1,0,0,1,1,1,1,0,1,1,0,0,0,0,0,1,0,1,144.45596493374717
1,1,1,0,0,1,1,1,1,0,1,1,0,0,0,0,0,1,0,1,249.69602609168982
1,1,1,0,0,1,1,1,1,0,1,1,0,0,0,0,0,1,0,1,45.857983650138152
1,1,1,0,0,1,1,1,1,0,1,1,0,0,0,0,0,1,0,1,46.675009326636399
1,1,1,0,0,1,1,1,1,0,1,1,0,0,0,0,0,1,0,1,170.13337937530866
1,1,1,0,0,1,1,1,1,0,1,1,0,0,0,0,0,1,0,1,185.96803267829344
1,1,1,0,0,1,1,1,1,0,1,1,0,0,0,0,0,1,0,1,28.477915301805989
1,1,1,0,0,1,1,1,1,0,1,1,0,0,0,0,0,1,0,1,52.739664184698043
1,1,1,0,0,1,1,1,1,0,1,1,0,0,0,0,0,1,0,1,263.87358865226025
1,1,1,0,0,1,1,1,1,0,1,1,0,0,0,0,0,1,0,1,35.138249565172472
1,1,1,0,0,1,1,1,1,0,1,1,0,0,0,0,0,1,0,1,263.12064271002765
1,1,1,0,0,1,1,1,1,0,1,1,0,0,0,0,0,1,0,1,53.769989319164068
1,1,1,0,0,1,1,1,1,0,1,1,0,0,0,0,0,1,0,1,146.9578227715981
1,1,1,0,0,1,1,1,1,0,1,1,0,0,0,0,0,1,0,1,160.05226870889447
1,1,1,0,0,1,1,1,1,0,1,1,0,0,0,0,0,1,0,1,66.683982458703824
1,1,1,0,0,1,1,1,1,0,1,1,0,0,0,0,0,1,0,1,153.63086454892823
1,1,1,0,0,1,1,1,1,0,1,1,0,0,0,0,0,1,0,1,60.028486306666068
1,1,1,0,0,1,1,1,1,0,1,1,0,0,0,0,0,1,0,1,224.99969556258441
1,1,1,0,0,1,1,1,1,0,1,1,0,0,0,0,0,1,0,1,110.77353880904718
1,1,1,0,0,1,1,1,1,0,1,1,0,0,0,0,0,1,0,1,59.264072537944585
1,1,1,0,0,1,1,1,1,0,1,1,0,0,0,0,0,1,0,1,163.84952186169448
1,1,1,0,0,1,1,1,1,0,1,1,0,0,0,0,0,1,0,1,35.983134686678873
1,1,1,0,0,1,1,1,1,0,1,1,0,0,0,0,0,1,0,1,150.02451200027738
1,1,1,0,0,1,1,1,1,0,1,1,0,0,0,0,0,1,0,1,193.9846601131083
1,1,1,0,0,1,1,1,1,0,1,1,0,0,0,0,0,1,0,1,85.66159433250445
1,1,1,0,0,1,1,1,1,0,1,1,0,0,0,0,0,1,0,1,157.11263599708946
1,1,1,0,0,1,1,1,1,0,1,1,0,0,0,0,0,1,0,1,141.86110108178366
1,1,1,0,0,1,1,1,1,0,1,1,0,0,0,0,0,1,0,1,42.886255995804575
1,1,1,0,0,1,1,1,1,0,1,1,0,0,0,0,0,1,0,1,199.08283285079972
1,1,1,0,0,1,1,1,1,0,1,1,0,0,0,0,0,1,0,1,239.40561449154205
1,1,1,0,0,1,1,1,1,0,1,1,0,0,0,0,0,1,0,1,214.29367001499932
1,1,1,0,0,1,1,1,1,0,1,1,0,0,0,0,0,1,0,1,85.044890163013974
1,1,1,0,0,1,1,1,1,0,1,1,0,0,0,0,0,1,0,1,60.90906215884813
1,1,1,0,0,1,1,1,1,0,1,1,0,0,0,0,0,1,0,1,69.6475463202095
1,1,1,0,0,1,1,1,1,0,1,1,0,0,0,0,0,1,0,1,220.08462446246165
1,1,1,0,0,1,1,1,1,0,1,1,0,0,0,0,0,1,0,1,191.80032506417399
1,1,1,0,0,1,1,1,1,0,1,1,0,0,0,0,0,1,0,1,118.05714533805862
1,1,1,0,0,1,1,1,1,0,1,1,0,0,0,0,0,1,0,1,41.705046569724395
1,1,1,0,0,1,1,1,1,0,1,1,0,0,0,0,0,1,0,1,115.74749377748196
1,1,1,0,0,1,1,1,1,0,1,1,0,0,0,0,0,1,0,1,251.76363825332436
1,1,1,0,0,1,1,1,1,0,1,1,0,0,0,0,0,1,0,1,131.33645680436933
1,1,1,0,0,1,1,1,1,0,1,1,0,0,0,0,0,1,0,1,168.43077222210573
1,1,1,0,0,1,1,1,1,0,1,1,0,0,0,0,0,1,0,1,229.95791761217774
1,1,1,0,0,1,1,1,1,0,1,1,0,0,0,0,0,1,0,1,181.24947517084922
1,1,1,0,0,1,1,1,1,0,1,1,0,0,0,0,0,1,0,1,219.53646908567254
1,1,1,0,0,1,1,1,1,0,1,1,0,0,0,0,0,1,0,1,52.739664184698043
1,1,1,0,0,1,1,1,1,0,1,1,0,0,0,0,0,1,0,1,265.6904443699097
1,1,1,0,0,1,1,1,1,0,1,1,0,0,0,0,0,1,0,1,35.12477107176241
1,1,1,0,0,1,1,1,1,0,1,1,0,0,0,0,0,1,0,1,157.24900583444565
1,1,1,0,0,1,1,1,1,0,1,1,0,0,0,0,0,1,0,1,211.45723305410345
1,1,1,0,0,1,1,1,1,0,1,1,0,0,0,0,0,1,0,1,143.76437461001638
1,1,1,0,0,1,1,1,1,0,1,1,0,0,0,0,0,1,0,1,158.6506278711083
1,1,1,0,0,1,1,1,1,0,1,1,0,0,0,0,0,1,0,1,100.03602488227277
1,1,1,0,0,1,1,1,1,0,1,1,0,0,0,0,0,1,0,1,216.50068071352868
1,1,1,0,0,1,1,1,1,0,1,1,0,0,0,0,0,1,0,1,95.569534440428328
1,1,1,0,0,1,1,1,1,0,1,1,0,0,0,0,0,1,0,1,136.09596011223016
1,1,1,0,0,1,1,1,1,0,1,1,0,0,0,0,0,1,0,1,88.625158194010112
1,1,1,0,0,1,1,1,1,0,1,1,0,0,0,0,0,1,0,1,88.075906337161982
1,1,1,0,0,1,1,1,1,0,1,1,0,0,0,0,0,1,0,1,141.40705046149282
1,1,1,0,0,1,1,1,1,0,1,1,0,0,0,0,0,1,0,1,139.73892385508458
1,1,1,0,0,1,1,1,1,0,1,1,0,0,0,0,0,1,0,1,255.79825428582285
1,1,1,0,0,1,1,1,1,0,1,1,0,0,0,0,0,1,0,1,223.70704133255742
1,1,1,0,0,1,1,1,1,0,1,1,0,0,0,0,0,1,0,1,135.21790149420977
1,1,1,0,0,1,1,1,1,0,1,1,0,0,0,0,0,1,0,1,115.23163708031012
1,1,1,0,0,1,1,1,1,0,1,1,0,0,0,0,0,1,0,1,273.27545593551906
1,1,1,0,0,1,1,1,1,0,1,1,0,0,0,0,0,1,0,1,86.062285909614417
1,1,1,0,0,1,1,1,1,0,1,1,0,0,0,0,0,1,0,1,31.296941799893624
1,1,1,0,0,1,1,1,1,0,1,1,0,0,0,0,0,1,0,1,208.72284971855748
1,1,1,0,0,1,1,1,1,0,1,1,0,0,0,0,0,1,0,1,114.31508536398071
1,1,1,0,0,1,1,1,1,0,1,1,0,0,0,0,0,1,0,1,159.84818336811747
1,1,1,0,0,1,1,1,1,0,1,1,0,0,0,0,0,1,0,1,47.131525719789138
1,1,1,0,0,1,1,1,1,0,1,1,0,0,0,0,0,1,0,1,58.739952076076065
1,1,1,0,0,1,1,1,1,0,1,1,0,0,0,0,0,1,0,1,215.93716423793376
1,1,1,0,0,1,1,1,1,0,1,1,0,0,0,0,0,1,0,1,68.245073589914782
1,1,1,0,0,1,1,1,1,0,1,1,0,0,0,0,0,1,0,1,167.36415236931001
1,1,1,0,0,1,1,1,1,0,1,1,0,0,0,0,0,1,0,1,114.93913556841402
1,1,1,0,0,1,1,1,1,0,1,1,0,0,0,0,0,1,0,1,216.30723962036845
1,1,1,0,0,1,1,1,1,0,1,1,0,0,0,0,0,1,0,1,62.767317906705692
1,1,1,0,0,1,1,1,1,0,1,1,0,0,0,0,0,1,0,1,137.01899358822044
1,1,1,0,0,1,1,1,1,0,1,1,0,0,0,0,0,1,0,1,124.78218474203484
1,1,1,0,0,1,1,1,1,0,1,1,0,0,0,0,0,1,0,1,206.60583682785591
1,1,1,0,0,1,1,1,1,0,1,1,0,0,0,0,0,1,0,1,109.42970119672697
1,1,1,0,0,1,1,1,1,0,1,1,0,0,0,0,0,1,0,1,54.497181270987454
1,1,1,0,0,1,1,1,1,0,1,1,0,0,0,0,0,1,0,1,201.78214919007615
1,1,1,0,0,1,1,1,1,0,1,1,0,0,0,0,0,1,0,1,82.311274823652212
1,1,1,0,0,1,1,1,1,0,1,1,0,0,0,0,0,1,0,1,242.48929869938047
1,1,1,0,0,1,1,1,1,0,1,1,0,0,0,0,0,1,0,1,169.7620636719885
1,1,1,0,0,1,1,1,1,0,1,1,0,0,0,0,0,1,0,1,230.27465715156637
1,1,1,0,0,1,1,1,1,0,1,1,0,0,0,0,0,1,0,1,116.24028962040916
1,1,1,0,0,1,1,1,1,0,1,1,0,0,0,0,0,1,0,1,134.23340595584926
1,1,1,0,0,1,1,1,1,0,1,1,0,0,0,0,0,1,0,1,53.276725599164195
1,1,1,0,0,1,1,1,1,0,1,1,0,0,0,0,0,1,0,1,17.953271024391636
1,1,1,0,0,1,1,1,1,0,1,1,0,0,0,0,0,1,0,1,261.67157836124829
1,1,1,0,0,1,1,1,1,0,1,1,0,0,0,0,0,1,0,1,66.864435256460453
1,1,1,0,0,1,1,1,1,0,1,1,0,0,0,0,0,1,0,1,225.89160739332297
1,1,1,0,0,1,1,1,1,0,1,1,0,0,0,0,0,1,0,1,158.34922283451039
1,1,1,0,0,1,1,1,1,0,1,1,0,0,0,0,0,1,0,1,197.00040049891561
1,1,1,0,0,1,1,1,1,0,1,1,0,0,0,0,0,1,0,1,101.02443689308497
1,1,1,0,0,1,1,1,1,0,1,1,0,0,0,0,0,1,0,1,91.56479090581513
1,1,1,0,0,1,1,1,1,0,1,1,0,0,0,0,0,1,0,1,296.2632178952544
1,1,1,0,0,1,1,1,1,0,1,1,0,0,0,0,0,1,0,1,62.767317906705692
1,1,1,0,0,1,1,1,1,0,1,1,0,0,0,0,0,1,0,1,20.559820011120795
1,1,1,0,0,1,1,1,1,0,1,1,0,0,0,0,0,1,0,1,206.04152411421649
1,1,1,0,0,1,1,1,1,0,1,1,0,0,0,0,0,1,0,1,185.92700098874857
1,1,1,0,0,1,1,1,1,0,1,1,0,0,0,0,0,1,0,1,243.98580725835319
1,1,1,0,0,1,1,1,1,0,1,1,0,0,0,0,0,1,0,1,77.469167330088965
1,1,1,0,0,1,1,1,1,0,1,1,0,0,0,0,0,1,0,1,198.45171464204651
1,1,1,0,0,1,1,1,1,0,1,1,0,0,0,0,0,1,0,1,6.8263207658471821
1,1,1,0,0,1,1,1,1,0,1,1,0,0,0,0,0,1,0,1,136.80320761573131
1,1,1,0,0,1,1,1,1,0,1,1,0,0,0,0,0,1,0,1,225.00819538455258
1,1,1,0,0,1,1,1,1,0,1,1,0,0,0,0,0,1,0,1,53.460630382218646
1,1,1,0,0,1,1,1,1,0,1,1,0,0,0,0,0,1,0,1,18.527079765704915
1,1,1,0,0,1,1,1,1,0,1,1,0,0,0,0,0,1,0,1,217.10532506002966
1,1,1,0,0,1,1,1,1,0,1,1,0,0,0,0,0,1,0,1,197.92644695523569
1,1,1,0,0,1,1,1,1,0,1,1,0,0,0,0,0,1,0,1,165.32486989371739
1,1,1,0,0,1,1,1,1,0,1,1,0,0,0,0,0,1,0,1,168.31299932320911
1,1,1,0,0,1,1,1,1,0,1,1,0,0,0,0,0,1,0,1,95.862237154101322
1,1,1,0,0,1,1,1,1,0,1,1,0,0,0,0,0,1,0,1,38.67185262114802
1,1,1,0,0,1,1,1,1,0,1,1,0,0,0,0,0,1,0,1,68.06916957417431
1,1,1,0,0,1,1,1,1,0,1,1,0,0,0,0,0,1,0,1,224.08569227913802
1,1,1,0,0,1,1,1,1,0,1,1,0,0,0,0,0,1,0,1,6.2892593513810304
1,1,1,0,0,1,1,1,1,0,1,1,0,0,0,0,0,1,0,1,43.643272511967041
1,1,1,0,0,1,1,1,1,0,1,1,0,0,0,0,0,1,0,1,84.659931504745458
1,1,1,0,0,1,1,1,1,0,1,1,0,0,0,0,0,1,0,1,160.94046526895823
1,1,1,0,0,1,1,1,1,0,1,1,0,0,0,0,0,1,0,1,33.866743459775655
1,1,1,0,0,1,1,1,1,0,1,1,0,0,0,0,0,1,0,1,165.95567517468555
1,1,1,0,0,1,1,1,1,0,1,1,0,0,0,0,0,1,0,1,24.613605287758123
1,1,1,0,0,1,1,1,1,0,1,1,0,0,0,0,0,1,0,1,66.045359040152348
1,1,1,0,0,1,1,1,1,0,1,1,0,0,0,0,0,1,0,1,47.554813716118673
1,1,1,0,0,1,1,1,1,0,1,1,0,0,0,0,0,1,0,1,48.048077436118547
1,1,1,0,0,1,1,1,1,0,1,1,0,0,0,0,0,1,0,1,69.253784118585855
1,1,1,0,0,1,1,1,1,0,1,1,0,0,0,0,0,1,0,1,291.36454749711072
1,1,1,0,0,1,1,1,1,0,1,1,0,0,0,0,0,1,0,1,119.23835476413879
1,1,1,0,0,1,1,1,1,0,1,1,0,0,0,0,0,1,0,1,188.24492912354575
1,1,1,0,0,1,1,1,1,0,1,1,0,0,0,0,0,1,0,1,201.15898488167039
1,1,1,0,0,1,1,1,1,0,1,1,0,0,0,0,0,1,0,1,181.55088020744714
1,1,1,0,0,1,1,1,1,0,1,1,0,0,0,0,0,1,0,1,82.348230055882254
1,1,1,0,0,1,1,1,1,0,1,1,0,0,0,0,0,1,0,1,290.40264837796974
1,1,1,0,0,1,1,1,1,0,1,1,0,0,0,0,0,1,0,1,174.55053184615497
1,1,1,0,0,1,1,1,1,0,1,1,0,0,0,0,0,1,0,1,129.64645953396956
1,1,1,0,0,1,1,1,1,0,1,1,0,0,0,0,0,1,0,1,139.25251752670823
1,1,1,0,0,1,1,1,1,0,1,1,0,0,0,0,0,1,0,1,200.76713797456279
1,1,1,0,0,1,1,1,1,0,1,1,0,0,0,0,0,1,0,1,146.64846383465266
1,1,1,0,0,1,1,1,1,0,1,1,0,0,0,0,0,1,0,1,16.768656479980077
1,1,1,0,0,1,1,1,1,0,1,1,0,0,0,0,0,1,0,1,138.2680219883477
1,1,1,0,0,1,1,1,1,0,1,1,0,0,0,0,0,1,0,1,70.661688409260449
1,1,1,0,0,1,1,1,1,0,1,1,0,0,0,0,0,1,0,1,156.76989302207335
1,1,1,0,0,1,1,1,1,0,1,1,0,0,0,0,0,1,0,1,100.02277406532599
1,1,1,0,0,1,1,1,1,0,1,1,0,0,0,0,0,1,0,1,181.73408037195455
1,1,1,0,0,1,1,1,1,0,1,1,0,0,0,0,0,1,0,1,201.57425360676788
1,1,1,0,0,1,1,1,1,0,1,1,0,0,0,0,0,1,0,1,80.1521599608174
1,1,1,0,0,1,1,1,1,0,1,1,0,0,0,0,0,1,0,1,76.655358778213426
1,1,1,0,0,1,1,1,1,0,1,1,0,0,0,0,0,1,0,1,328.85711215465534
1,1,1,0,0,1,1,1,1,0,1,1,0,0,0,0,0,1,0,1,87.986978811922555
1,1,1,0,0,1,1,1,1,0,1,1,0,0,0,0,0,1,0,1,105.62113596225245
1,1,1,0,0,1,1,1,1,0,1,1,0,0,0,0,0,1,0,1,297.76954988191881
1,1,1,0,0,1,1,1,1,0,1,1,0,0,0,0,0,1,0,1,129.21819605012195
1,1,1,0,0,1,1,1,1,0,1,1,0,0,0,0,0,1,0,1,173.11696510889098
1,1,1,0,0,1,1,1,1,0,1,1,0,0,0,0,0,1,0,1,63.044998155173161
1,1,1,0,0,1,1,1,1,0,1,1,0,0,0,0,0,1,0,1,182.84128464312263
1,1,1,0,0,1,1,1,1,0,1,1,0,0,0,0,0,1,0,1,185.44276499148262
1,1,1,0,0,1,1,1,1,0,1,1,0,0,0,0,0,1,0,1,201.15898488167039
1,1,1,0,0,1,1,1,1,0,1,1,0,0,0,0,0,1,0,1,218.87704128025047
1,1,1,0,0,1,1,1,1,0,1,1,0,0,0,0,0,1,0,1,234.69180962241262
1,1,1,0,0,1,1,1,1,0,1,1,0,0,0,0,0,1,0,1,91.748227811796909
1,1,1,0,0,1,1,1,1,0,1,1,0,0,0,0,0,1,0,1,47.668004686965077
1,1,1,0,0,1,1,1,1,0,1,1,0,0,0,0,0,1,0,1,305.35456144752817
1,1,1,0,0,1,1,1,1,0,1,1,0,0,0,0,0,1,0,1,109.11793714485643
1,1,1,0,0,1,1,1,1,0,1,1,0,0,0,0,0,1,0,1,159.60632998296921
1,1,1,0,0,1,1,1,1,0,1,1,0,0,0,0,0,1,0,1,232.14740296097227
1,1,1,0,0,1,1,1,1,0,1,1,0,0,0,0,0,1,0,1,87.427353251782591
1,1,1,0,0,1,1,1,1,0,1,1,0,0,0,0,0,1,0,1,46.887486837994871
1,1,1,0,0,1,1,1,1,0,1,1,0,0,0,0,0,1,0,1,198.03695138768444
1,1,1,0,0,1,1,1,1,0,1,1,0,0,0,0,0,1,0,1,121.13896001855288
1,1,1,0,0,1,1,1,1,0,1,1,0,0,0,0,0,1,0,1,66.719901567133078
1,1,1,0,0,1,1,1,1,0,1,1,0,0,0,0,0,1,0,1,208.39884826274005
1,1,1,0,0,1,1,1,1,0,1,1,0,0,0,0,0,1,0,1,189.4110539813874
1,1,1,0,0,1,1,1,1,0,1,1,0,0,0,0,0,1,0,1,80.384668108982325
1,1,1,0,0,1,1,1,1,0,1,1,0,0,0,0,0,1,0,1,21.953506948559447
1,1,1,0,0,1,1,1,1,0,1,1,0,0,0,0,0,1,0,1,57.656169997203492
1,1,1,0,0,1,1,1,1,0,1,1,0,0,0,0,0,1,0,1,32.852465238081194
1,1,1,0,0,1,1,1,1,0,1,1,0,0,0,0,0,1,0,1,95.544378395187735
1,1,1,0,0,1,1,1,1,0,1,1,0,0,0,0,0,1,0,1,89.546217520784921
1,1,1,0,0,1,1,1,1,0,1,1,0,0,0,0,0,1,0,1,183.57655534327756
1,1,1,0,0,1,1,1,1,0,1,1,0,0,0,0,0,1,0,1,123.80776068067647
1,1,1,0,0,1,1,1,1,0,1,1,0,0,0,0,0,1,0,1,136.13918919873817
1,1,1,0,0,1,1,1,1,0,1,1,0,0,0,0,0,1,0,1,47.380750557994745
1,1,1,0,0,1,1,1,1,0,1,1,0,0,0,0,0,1,0,1,161.4560859088586
1,1,1,0,0,1,1,1,1,0,1,1,0,0,0,0,0,1,0,1,191.93332292923287
1,1,1,0,0,1,1,1,1,0,1,1,0,0,0,0,0,1,0,1,23.953111205215084
1,1,1,0,0,1,1,1,1,0,1,1,0,0,0,0,0,1,0,1,77.983049878045335
1,1,1,0,0,1,1,1,1,0,1,1,0,0,0,0,0,1,0,1,146.81328908227073
1,1,1,0,0,1,1,1,1,0,1,1,0,0,0,0,0,1,0,1,244.90691738192416
1,1,1,0,0,1,1,1,1,0,1,1,0,0,0,0,0,1,0,1,53.625455629836694
1,1,1,0,0,1,1,1,1,0,1,1,0,0,0,0,0,1,0,1,60.991111181035009
1,1,1,0,0,1,1,1,1,0,1,1,0,0,0,0,0,1,0,1,154.72769986622174
1,1,1,0,0,1,1,1,1,0,1,1,0,0,0,0,0,1,0,1,42.440317269879301
1,1,1,0,0,1,1,1,1,0,1,1,0,0,0,0,0,1,0,1,152.04555842740672
1,1,1,0,0,1,1,1,1,0,1,1,0,0,0,0,0,1,0,1,170.48669133403138
1,1,1,0,0,1,1,1,1,0,1,1,0,0,0,0,0,1,0,1,182.80911924432573
1,1,1,0,0,1,1,1,1,0,1,1,0,0,0,0,0,1,0,1,166.94234141403584
1,1,1,0,0,1,1,1,1,0,1,1,0,0,0,0,0,1,0,1,137.63277054209357
1,1,1,0,0,1,1,1,1,0,1,1,0,0,0,0,0,1,0,1,84.970004008773657
1,1,1,0,0,1,1,1,1,0,1,1,0,0,0,0,0,1,0,1,191.18956109063069
1,1,1,0,0,1,1,1,1,0,1,1,0,0,0,0,0,1,0,1,111.99709774168389
1,1,1,0,0,1,1,1,1,0,1,1,0,0,0,0,0,1,0,1,202.20409488208588
1,1,1,0,0,1,1,1,1,0,1,1,0,0,0,0,0,1,0,1,203.87222148849412
1,1,1,0,0,1,1,1,1,0,1,1,0,0,0,0,0,1,0,1,90.814643542804674
1,1,1,0,0,1,1,1,1,0,1,1,0,0,0,0,0,1,0,1,158.37066360907619
1,1,1,0,0,1,1,1,1,0,1,1,0,0,0,0,0,1,0,1,262.79047202898619
1,1,1,0,0,1,1,1,1,0,1,1,0,0,0,0,0,1,0,1,48.488257424997748
1,1,1,0,0,1,1,1,1,0,1,1,0,0,0,0,0,1,0,1,281.68574112381771
1,1,1,0,0,1,1,1,1,0,1,1,0,0,0,0,0,1,0,1,185.10289037738437
1,1,1,0,0,1,1,1,1,0,1,1,0,0,0,0,0,1,0,1,148.43534253063939
1,1,1,0,0,1,1,1,1,0,1,1,0,0,0,0,0,1,0,1,239.69888804683501
1,1,1,0,0,1,1,1,1,0,1,1,0,0,0,0,0,1,0,1,235.14546810470191
1,1,1,0,0,1,1,1,1,0,1,1,0,0,0,0,0,1,0,1,105.8271692874538
1,1,1,0,0,1,1,1,1,0,1,1,0,0,0,0,0,1,0,1,153.58932738864797
1,1,1,0,0,1,1,1,1,0,1,1,0,0,0,0,0,1,0,1,114.62737151654348
1,1,1,0,0,1,1,1,1,0,1,1,0,0,0,0,0,1,0,1,177.854381453576
1,1,1,0,0,1,1,1,1,0,1,1,0,0,0,0,0,1,0,1,239.40561449154205
1,1,1,0,0,1,1,1,1,0,1,1,0,0,0,0,0,1,0,1,8.8590610112630621
1,1,1,0,0,1,1,1,1,0,1,1,0,0,0,0,0,1,0,1,258.00136331922056
1,1,1,0,0,1,1,1,1,0,1,1,0,0,0,0,0,1,0,1,276.89727294965127
1,1,1,0,0,1,1,1,1,0,1,1,0,0,0,0,0,1,0,1,47.455527175606605
1,1,1,0,0,1,1,1,1,0,1,1,0,0,0,0,0,1,0,1,74.332907314486206
1,1,1,0,0,1,1,1,1,0,1,1,0,0,0,0,0,1,0,1,197.21370990278265
1,1,1,0,0,1,1,1,1,0,1,1,0,0,0,0,0,1,0,1,177.63528744582101
1,1,1,0,0,1,1,1,1,0,1,1,0,0,0,0,0,1,0,1,209.54792547676448
1,1,1,0,0,1,1,1,1,0,1,1,0,0,0,0,0,1,0,1,185.94814771747082
1,1,1,0,0,1,1,1,1,0,1,1,0,0,0,0,0,1,0,1,111.48952951904971
1,1,1,0,0,1,1,1,1,0,1,1,0,0,0,0,0,1,0,1,65.521238578283828
1,1,1,0,0,1,1,1,1,0,1,1,0,0,0,0,0,1,0,1,90.169365876432508
1,1,1,0,0,1,1,1,1,0,1,1,0,0,0,0,0,1,0,1,197.30542448394218
1,1,1,0,0,1,1,1,1,0,1,1,0,0,0,0,0,1,0,1,60.702898972811852
1,1,1,0,0,1,1,1,1,0,1,1,0,0,0,0,0,1,0,1,74.332907314486206
1,1,1,0,0,1,1,1,1,0,1,1,0,0,0,0,0,1,0,1,161.46916765887698
1,1,1,0,0,1,1,1,1,0,1,1,0,0,0,0,0,1,0,1,168.31299932320911
1,1,1,0,0,1,1,1,1,0,1,1,0,0,0,0,0,1,0,1,187.08218524312574
1,1,1,0,0,1,1,1,1,0,1,1,0,0,0,0,0,1,0,1,182.37270379050602
1,1,1,0,0,1,1,1,1,0,1,1,0,0,0,0,0,1,0,1,216.86347167488134
1,1,1,0,0,1,1,1,1,0,1,1,0,0,0,0,0,1,0,1,222.05102216740551
1,1,1,0,0,1,1,1,1,0,1,1,0,0,0,0,0,1,0,1,163.34303656629709
1,1,1,0,0,1,1,1,1,0,1,1,0,0,0,0,0,1,0,1,40.483684698465709
1,1,1,0,0,1,1,1,1,0,1,1,0,0,0,0,0,1,0,1,260.60098668019168
1,1,1,0,0,1,1,1,1,0,1,1,0,0,0,0,0,1,0,1,108.38444600511838
1,1,1,0,0,1,1,1,1,0,1,1,0,0,0,0,0,1,0,1,165.27421480762763
1,1,1,0,0,1,1,1,1,0,1,1,0,0,0,0,0,1,0,1,211.02089289253206
1,1,1,0,0,1,1,1,1,0,1,1,0,0,0,0,0,1,0,1,47.705334461102417
1,1,1,0,0,1,1,1,1,0,1,1,0,0,0,0,0,1,0,1,86.547548862300317
1,1,1,0,0,1,1,1,1,0,1,1,0,0,0,0,0,1,0,1,165.11239238235893
1,1,1,0,0,1,1,1,1,0,1,1,0,0,0,0,0,1,0,1,55.459986589563819
1,1,1,0,0,1,1,1,1,0,1,1,0,0,0,0,0,1,0,1,217.31780257138814
1,1,1,0,0,1,1,1,1,0,1,1,0,0,0,0,0,1,0,1,161.22042953099032
1,1,1,0,0,1,1,1,1,0,1,1,0,0,0,0,0,1,0,1,7.7667791104223092
1,1,1,0,0,1,1,1,1,0,1,1,0,0,0,0,0,1,0,1,162.54259072247692
1,1,1,0,0,1,1,1,1,0,1,1,0,0,0,0,0,1,0,1,53.131365900612586
1,1,1,0,0,1,1,1,1,0,1,1,0,0,0,0,0,1,0,1,188.69228518082997
1,1,1,0,0,1,1,1,1,0,1,1,0,0,0,0,0,1,0,1,250.77914271496388
1,1,1,0,0,1,1,1,1,0,1,1,0,0,0,0,0,1,0,1,278.90346195257723
1,1,1,0,0,1,1,1,1,0,1,1,0,0,0,0,0,1,0,1,222.82723694307515
1,1,1,0,0,1,1,1,1,0,1,1,0,0,0,0,0,1,0,1,157.60252551113035
1,1,1,0,0,1,1,1,1,0,1,1,0,0,0,0,0,1,0,1,228.50977372692626
1,1,1,0,0,1,1,1,1,0,1,1,0,0,0,0,0,1,0,1,58.897651641764476
1,1,1,0,0,1,1,1,1,0,1,1,0,0,0,0,0,1,0,1,213.88944335686733
1,1,1,0,0,1,1,1,1,0,1,1,0,0,0,0,0,1,0,1,199.00445194688584
1,1,1,0,0,1,1,1,1,0,1,1,0,0,0,0,0,1,0,1,165.01888292906929
1,1,1,0,0,1,1,1,1,0,1,1,0,0,0,0,0,1,0,1,36.041578846288431
1,1,1,0,0,1,1,1,1,0,1,1,0,0,0,0,0,1,0,1,102.64066345808129
1,1,1,0,0,1,1,1,1,0,1,1,0,0,0,0,0,1,0,1,278.29269797903385
1,1,1,0,0,1,1,1,1,0,1,1,0,0,0,0,0,1,0,1,46.169626600648201
1,1,1,0,0,1,1,1,1,0,1,1,0,0,0,0,0,1,0,1,112.13272446426186
1,1,1,0,0,1,1,1,1,0,1,1,0,0,0,0,0,1,0,1,93.797818220207503
1,1,1,0,0,1,1,1,1,0,1,1,0,0,0,0,0,1,0,1,209.24468616686141
1,1,1,0,0,1,1,1,1,0,1,1,0,0,0,0,0,1,0,1,198.36278711680706
1,1,1,0,0,1,1,1,1,0,1,1,0,0,0,0,0,1,0,1,80.944553253841917
1,1,1,0,0,1,1,1,1,0,1,1,0,0,0,0,0,1,0,1,257.61120833834065
1,1,1,0,0,1,1,1,1,0,1,1,0,0,0,0,0,1,0,1,14.411332331456521
1,1,1,0,0,1,1,1,1,0,1,1,0,0,0,0,0,1,0,1,159.9077350195671
1,1,1,0,0,1,1,1,1,0,1,1,0,0,0,0,0,1,0,1,125.26340977572619
1,1,1,0,0,1,1,1,1,0,1,1,0,0,0,0,0,1,0,1,88.666413131302647
1,1,1,0,0,1,1,1,1,0,1,1,0,0,0,0,0,1,0,1,73.101061579970889
1,1,1,0,0,1,1,1,1,0,1,1,0,0,0,0,0,1,0,1,34.573558749668692
1,1,1,0,0,1,1,1,1,0,1,1,0,0,0,0,0,1,0,1,118.10284377679005
1,1,1,0,0,1,1,1,1,0,1,1,0,0,0,0,0,1,0,1,121.59567891266235
1,1,1,0,0,1,1,1,1,0,1,1,0,0,0,0,0,1,0,1,98.242157721844464
1,1,1,0,0,1,1,1,1,0,1,1,0,0,0,0,0,1,0,1,227.84244684880247
1,1,1,0,0,1,1,1,1,0,1,1,0,0,0,0,0,1,0,1,257.61120833834065
1,1,1,0,0,1,1,1,1,0,1,1,0,0,0,0,0,1,0,1,230.72160744562993
1,1,1,0,0,1,1,1,1,0,1,1,0,0,0,0,0,1,0,1,306.78786217266878
1,1,1,0,0,1,1,1,1,0,1,1,0,0,0,0,0,1,0,1,44.363775754845847
1,1,1,0,0,1,1,1,1,0,1,1,0,0,0,0,0,1,0,1,47.469678083234164
1,1,1,0,0,1,1,1,1,0,1,1,0,0,0,0,0,1,0,1,75.560358807404185
1,1,1,0,0,1,1,1,1,0,1,1,0,0,0,0,0,1,0,1,218.87704128025047
1,1,1,0,0,1,1,1,1,0,1,1,0,0,0,0,0,1,0,1,92.593339960690258
1,1,1,0,0,1,1,1,1,0,1,1,0,0,0,0,0,1,0,1,89.639300283061061
1,1,1,0,0,1,1,1,1,0,1,1,0,0,0,0,0,1,0,1,86.849557413653173
1,1,1,0,0,1,1,1,1,0,1,1,0,0,0,0,0,1,0,1,171.46510954637259
1,1,1,0,0,1,1,1,1,0,1,1,0,0,0,0,0,1,0,1,73.122932243962438
1,1,1,0,0,1,1,1,1,0,1,1,0,0,0,0,0,1,0,1,211.90524962528804
1,1,1,0,0,1,1,1,1,0,1,1,0,0,0,0,0,1,0,1,256.2035796863405
1,1,1,0,0,1,1,1,1,0,1,1,0,0,0,0,0,1,0,1,101.52662639133243
1,1,1,0,0,1,1,1,1,0,1,1,0,0,0,0,0,1,0,1,305.14208393616968
1,1,1,0,0,1,1,1,1,0,1,1,0,0,0,0,0,1,0,1,55.290346026711759
1,1,1,0,0,1,1,1,1,0,1,1,0,0,0,0,0,1,0,1,191.72662250509683
1,1,1,0,0,1,1,1,1,0,1,1,0,0,0,0,0,1,0,1,181.19620114046006
1,1,1,0,0,1,1,1,1,0,1,1,0,0,0,0,0,1,0,1,111.74528370409868
1,1,1,0,0,1,1,1,1,0,1,1,0,0,0,0,0,1,0,1,310.25323184567191
1,1,1,0,0,1,1,1,1,0,1,1,0,0,0,0,0,1,0,1,228.83124010512799
1,1,1,0,0,1,1,1,1,0,1,1,0,0,0,0,0,1,0,1,77.551262059747629
1,1,1,0,0,1,1,1,1,0,1,1,0,0,0,0,0,1,0,1,188.13824150345118
1,1,1,0,0,1,1,1,1,0,1,1,0,0,0,0,0,1,0,1,266.02149352663929
1,1,1,0,0,1,1,1,1,0,1,1,0,0,0,0,0,1,0,1,92.116019180666939
1,1,1,0,0,1,1,1,1,0,1,1,0,0,0,0,0,1,0,1,192.22611197939949
1,1,1,0,0,1,1,1,1,0,1,1,0,0,0,0,0,1,0,1,315.55018870600043
1,1,1,0,0,1,1,1,1,0,1,1,0,0,0,0,0,1,0,1,187.73995504126637
1,1,1,0,0,1,1,1,1,0,1,1,0,0,0,0,0,1,0,1,170.14643154055051
1,1,1,0,0,1,1,1,1,0,1,1,0,0,0,0,0,1,0,1,154.25665426677179
1,1,1,0,0,1,1,1,1,0,1,1,0,0,0,0,0,1,0,1,84.411612865975286
1,1,1,0,0,1,1,1,1,0,1,1,0,0,0,0,0,1,0,1,131.12358715500926
1,1,1,0,0,1,1,1,1,0,1,1,0,0,0,0,0,1,0,1,224.70679034795467
1,1,1,0,0,1,1,1,1,0,1,1,0,0,0,0,0,1,0,1,143.46296957341849
1,1,1,0,0,1,1,1,1,0,1,1,0,0,0,0,0,1,0,1,62.951436918401797
1,1,1,0,0,1,1,1,1,0,1,1,0,0,0,0,0,1,0,1,224.2981697904965
1,1,1,0,0,1,1,1,1,0,1,1,0,0,0,0,0,1,0,1,70.161428868165871
1,1,1,0,0,1,1,1,1,0,1,1,0,0,0,0,0,1,0,1,170.8137584186743
1,1,1,0,0,1,1,1,1,0,1,1,0,0,0,0,0,1,0,1,88.654804744700556
1,1,1,0,0,1,1,1,1,0,1,1,0,0,0,0,0,1,0,1,79.939682449458928
1,1,1,0,0,1,1,1,1,0,1,1,0,0,0,0,0,1,0,1,224.41408763428169
1,1,1,0,0,1,1,1,1,0,1,1,0,0,0,0,0,1,0,1,146.81787101032091
1,1,1,0,0,1,1,1,1,0,1,1,0,0,0,0,0,1,0,1,73.262315633429594
1,1,1,0,0,1,1,1,1,0,1,1,0,0,0,0,0,1,0,1,200.76713797456279
1,1,1,0,0,1,1,1,1,0,1,1,0,0,0,0,0,1,0,1,143.8057125484346
1,1,1,0,0,1,1,1,1,0,1,1,0,0,0,0,0,1,0,1,79.135639708855038
1,1,1,0,0,1,1,1,1,0,1,1,0,0,0,0,0,1,0,1,258.00949480052543
1,1,1,0,0,1,1,1,1,0,1,1,0,0,0,0,0,1,0,1,76.89076797720459
1,1,1,0,0,1,1,1,1,0,1,1,0,0,0,0,0,1,0,1,13.230122905376344
1,1,1,0,0,1,1,1,1,0,1,1,0,0,0,0,0,1,0,1,198.39974234903713
1,1,1,0,0,1,1,1,1,0,1,1,0,0,0,0,0,1,0,1,151.52709395140013
1,1,1,0,0,1,1,1,1,0,1,1,0,0,0,0,0,1,0,1,72.821527207364539
1,1,1,0,0,1,1,1,1,0,1,1,0,0,0,0,0,1,0,1,65.947883540131045
1,1,1,0,0,1,1,1,1,0,1,1,0,0,0,0,0,1,0,1,226.39196459818015
1,1,1,0,0,1,1,1,1,0,1,1,0,0,0,0,0,1,0,1,110.33494083138186
1,1,1,0,0,1,1,1,1,0,1,1,0,0,0,0,0,1,0,1,153.21631975910009
1,1,1,0,0,1,1,1,1,0,1,1,0,0,0,0,0,1,0,1,264.30185213610787
1,1,1,0,0,1,1,1,1,0,1,1,0,0,0,0,0,1,0,1,34.587709657296259
1,1,1,0,0,1,1,1,1,0,1,1,0,0,0,0,0,1,0,1,108.54989680724469
1,1,1,0,0,1,1,1,1,0,1,1,0,0,0,0,0,1,0,1,182.80453731627554
1,1,1,0,0,1,1,1,1,0,1,1,0,0,0,0,0,1,0,1,74.215985607502986
1,1,1,0,0,1,1,1,1,0,1,1,0,0,0,0,0,1,0,1,96.307395814422435
1,1,1,0,0,1,1,1,1,0,1,1,0,0,0,0,0,1,0,1,185.39693539537711
1,1,1,0,0,1,1,1,1,0,1,1,0,0,0,0,0,1,0,1,187.52747752990788
1,1,1,0,0,1,1,1,1,0,1,1,0,0,0,0,0,1,0,1,94.746292955526542
1,1,1,0,0,1,1,1,1,0,1,1,0,0,0,0,0,1,0,1,158.52495301902175
1,1,1,0,0,1,1,1,1,0,1,1,0,0,0,0,0,1,0,1,261.36221942430285
1,1,1,0,0,1,1,1,1,0,1,1,0,0,0,0,0,1,0,1,230.1703951235362
1,1,1,0,0,1,1,1,1,0,1,1,0,0,0,0,0,1,0,1,64.150099907251047
1,1,1,0,0,1,1,1,1,0,1,1,0,0,0,0,0,1,0,1,200.72011126533062
1,1,1,0,0,1,1,1,1,0,1,1,0,0,0,0,0,1,0,1,273.57889310990447
1,1,1,0,0,1,1,1,1,0,1,1,0,0,0,0,0,1,0,1,165.27421480762763
1,1,1,0,0,1,1,1,1,0,1,1,0,0,0,0,0,1,0,1,248.05529597564799
1,1,1,0,0,1,1,1,1,0,1,1,0,0,0,0,0,1,0,1,63.796322039908205
1,1,1,0,0,1,1,1,1,0,1,1,0,0,0,0,0,1,0,1,32.361611718390222
1,1,1,0,0,1,1,1,1,0,1,1,0,0,0,0,0,1,0,1,82.054288717451726
1,1,1,0,0,1,1,1,1,0,1,1,0,0,0,0,0,1,0,1,194.52712127265303
1,1,1,0,0,1,1,1,1,0,1,1,0,0,0,0,0,1,0,1,328.85711215465534
1,1,1,0,0,1,1,1,1,0,1,1,0,0,0,0,0,1,0,1,240.42301023814247
1,1,1,0,0,1,1,1,1,0,1,1,0,0,0,0,0,1,0,1,60.006615642674504
1,1,1,0,0,1,1,1,1,0,1,1,0,0,0,0,0,1,0,1,19.097525218241771
1,1,1,0,0,1,1,1,1,0,1,1,0,0,0,0,0,1,0,1,74.215985607502986
1,1,1,0,0,1,1,1,1,0,1,1,0,0,0,0,0,1,0,1,189.8747023282784
1,1,1,0,0,1,1,1,1,0,1,1,0,0,0,0,0,1,0,1,99.339683563563369
1,1,1,0,0,1,1,1,1,0,1,1,0,0,0,0,0,1,0,1,213.5216519879973
1,1,1,0,0,1,1,1,1,0,1,1,0,0,0,0,0,1,0,1,158.10374803184646
1,1,1,0,0,1,1,1,1,0,1,1,0,0,0,0,0,1,0,1,165.03303383669686
1,1,1,0,0,1,1,1,1,0,1,1,0,0,0,0,0,1,0,1,111.7498656321489
1,1,1,0,0,1,1,1,1,0,1,1,0,0,0,0,0,1,0,1,119.02587725278032
1,1,1,0,0,1,1,1,1,0,1,1,0,0,0,0,0,1,0,1,221.19188916343853
1,1,1,0,0,1,1,1,1,0,1,1,0,0,0,0,0,1,0,1,134.18665253489115
1,1,1,0,0,1,1,1,1,0,1,1,0,0,0,0,0,1,0,1,60.799780398398802
1,1,1,0,0,1,1,1,1,0,1,1,0,0,0,0,0,1,0,1,172.85370178017445
1,1,1,0,0,1,1,1,1,0,1,1,0,0,0,0,0,1,0,1,239.48641053547652
1,1,1,0,0,1,1,1,1,0,1,1,0,0,0,0,0,1,0,1,97.452972405443944
1,1,1,0,0,1,1,1,1,0,1,1,0,0,0,0,0,1,0,1,26.281731894166317
1,1,1,0,0,1,1,1,1,0,1,1,0,0,0,0,0,1,0,1,118.14607286329804
1,1,1,0,0,1,1,1,1,0,1,1,0,0,0,0,0,1,0,1,183.06898712064338
1,1,1,0,0,1,1,1,1,0,1,1,0,0,0,0,0,1,0,1,296.47569540661289
1,1,1,0,0,1,1,1,1,0,1,1,0,0,0,0,0,1,0,1,255.58187510933269
1,1,1,0,0,1,1,1,1,0,1,1,0,0,0,0,0,1,0,1,155.12384877345085
1,1,1,0,0,1,1,1,1,0,1,1,0,0,0,0,0,1,0,1,77.155618319308005
1,1,1,0,0,1,1,1,1,0,1,1,0,0,0,0,0,1,0,1,203.73728636352064
1,1,1,0,0,1,1,1,1,0,1,1,0,0,0,0,0,1,0,1,34.974250326778659
1,1,1,0,0,1,1,1,1,0,1,1,0,0,0,0,0,1,0,1,130.93911376399655
1,1,1,0,0,1,1,1,1,0,1,1,0,0,0,0,0,1,0,1,156.56591533268303
1,1,1,0,0,1,1,1,1,0,1,1,0,0,0,0,0,1,0,1,53.318704471726008
1,1,1,0,0,1,1,1,1,0,1,1,0,0,0,0,0,1,0,1,136.93006606298098
1,1,1,0,0,1,1,1,1,0,1,1,0,0,0,0,0,1,0,1,150.54259841303963
1,1,1,0,0,1,1,1,1,0,1,1,0,0,0,0,0,1,0,1,147.0303485216794
1,1,1,0,0,1,1,1,1,0,1,1,0,0,0,0,0,1,0,1,178.8388769919365
1,1,1,0,0,1,1,1,1,0,1,1,0,0,0,0,0,1,0,1,56.3397909790461
1,1,1,0,0,1,1,1,1,0,1,1,0,0,0,0,0,1,0,1,243.41053878564202
1,1,1,0,0,1,1,1,1,0,1,1,0,0,0,0,0,1,0,1,123.31284726109467
1,1,1,0,0,1,1,1,1,0,1,1,0,0,0,0,0,1,0,1,75.670863239852906
1,1,1,0,0,1,1,1,1,0,1,1,0,0,0,0,0,1,0,1,310.65151830785675
1,1,1,0,0,1,1,1,1,0,1,1,0,0,0,0,0,1,0,1,158.91665473493626
1,1,1,0,0,1,1,1,1,0,1,1,0,0,0,0,0,1,0,1,61.4229447068045
1,1,1,0,0,1,1,1,1,0,1,1,0,0,0,0,0,1,0,1,84.85755159190056
1,1,1,0,0,1,1,1,1,0,1,1,0,0,0,0,0,1,0,1,93.02160344453786
1,1,1,0,0,1,1,1,1,0,1,1,0,0,0,0,0,1,0,1,51.913409147685286
1,1,1,0,0,1,1,1,1,0,1,1,0,0,0,0,0,1,0,1,83.346171484778893
1,1,1,0,0,1,1,1,1,0,1,1,0,0,0,0,0,1,0,1,205.1080804053374
1,1,1,0,0,1,1,1,1,0,1,1,0,0,0,0,0,1,0,1,203.29841274718083
1,1,1,0,0,1,1,1,1,0,1,1,0,0,0,0,0,1,0,1,186.12028612398481
1,1,1,0,0,1,1,1,1,0,1,1,0,0,0,0,0,1,0,1,143.4933400593782
1,1,1,0,0,1,1,1,1,0,1,1,0,0,0,0,0,1,0,1,60.26271898393265
1,1,1,0,0,1,1,1,1,0,1,1,0,0,0,0,0,1,0,1,53.276725599164195
1,1,1,0,0,1,1,1,1,0,1,1,0,0,0,0,0,1,0,1,151.76894733654839
1,1,1,0,0,1,1,1,1,0,1,1,0,0,0,0,0,1,0,1,157.55499279909375
1,1,1,0,0,1,1,1,1,0,1,1,0,0,0,0,0,1,0,1,175.02964465852727
1,1,1,0,0,1,1,1,1,0,1,1,0,0,0,0,0,1,0,1,154.61077815923852
1,1,1,0,0,1,1,1,1,0,1,1,0,0,0,0,0,1,0,1,204.72636382993136
1,1,1,0,0,1,1,1,1,0,1,1,0,0,0,0,0,1,0,1,213.31104400398294
1,1,1,0,0,1,1,1,1,0,1,1,0,0,0,0,0,1,0,1,89.639300283061061
1,1,1,0,0,1,1,1,1,0,1,1,0,0,0,0,0,1,0,1,201.71420536804504
1,1,1,0,0,1,1,1,1,0,1,1,0,0,0,0,0,1,0,1,231.6014118351122
1,1,1,0,0,1,1,1,1,0,1,1,0,0,0,0,0,1,0,1,158.91665473493626
1,1,1,0,0,1,1,1,1,0,1,1,0,0,0,0,0,1,0,1,63.060223121335412
1,1,1,0,0,1,1,1,1,0,1,1,0,0,0,0,0,1,0,1,289.47783633899127
1,1,1,0,0,1,1,1,1,0,1,1,0,0,0,0,0,1,0,1,169.92090186395021
1,1,1,0,0,1,1,1,1,0,1,1,0,0,0,0,0,1,0,1,173.63880155719488
1,1,1,0,0,1,1,1,1,0,1,1,0,0,0,0,0,1,0,1,252.24395708758027
1,1,1,0,0,1,1,1,1,0,1,1,0,0,0,0,0,1,0,1,121.43186523318261
1,1,1,0,0,1,1,1,1,0,1,1,0,0,0,0,0,1,0,1,118.02914121771288
1,1,1,0,0,1,1,1,1,0,1,1,0,0,0,0,0,1,0,1,181.6301606857761
1,1,1,0,0,1,1,1,1,0,1,1,0,0,0,0,0,1,0,1,114.46159320252355
1,1,1,0,0,1,1,1,1,0,1,1,0,0,0,0,0,1,0,1,225.89160739332297
1,1,1,0,0,1,1,1,1,0,1,1,0,0,0,0,0,1,0,1,273.57889310990447
1,1,1,0,0,1,1,1,1,0,1,1,0,0,0,0,0,1,0,1,55.701167560494625
1,1,1,0,0,1,1,1,1,0,1,1,0,0,0,0,0,1,0,1,48.219217009058795
1,1,1,0,0,1,1,1,1,0,1,1,0,0,0,0,0,1,0,1,177.91500226263474
1,1,1,0,0,1,1,1,1,0,1,1,0,0,0,0,0,1,0,1,57.458684646784036
1,1,1,0,0,1,1,1,1,0,1,1,0,0,0,0,0,1,0,1,170.8137584186743
1,1,1,0,0,1,1,1,1,0,1,1,0,0,0,0,0,1,0,1,3.00688366455989
1,1,1,0,0,1,1,1,1,0,1,1,0,0,0,0,0,1,0,1,49.252811753832397
1,1,1,0,0,1,1,1,1,0,1,1,0,0,0,0,0,1,0,1,62.046351709185089
1,1,1,0,0,1,1,1,1,0,1,1,0,0,0,0,0,1,0,1,211.10716418562683
1,1,1,0,0,1,1,1,1,0,1,1,0,0,0,0,0,1,0,1,109.22933112662479
1,1,1,0,0,1,1,1,1,0,1,1,0,0,0,0,0,1,0,1,76.32491313623882
1,1,1,0,0,1,1,1,1,0,1,1,0,0,0,0,0,1,0,1,140.9281203275464
1,1,1,0,0,1,1,1,1,0,1,1,0,0,0,0,0,1,0,1,228.82310862382303
1,1,1,0,0,1,1,1,1,0,1,1,0,0,0,0,0,1,0,1,139.25251752670823
1,1,1,0,0,1,1,1,1,0,1,1,0,0,0,0,0,1,0,1,233.31081229699083
1,1,1,0,0,1,1,1,1,0,1,1,0,0,0,0,0,1,0,1,153.89073242524586
1,1,1,0,0,1,1,1,1,0,1,1,0,0,0,0,0,1,0,1,187.82888256650577
1,1,1,0,0,1,1,1,1,0,1,1,0,0,0,0,0,1,0,1,191.7992263217883
1,1,1,0,0,1,1,1,1,0,1,1,0,0,0,0,0,1,0,1,140.89316791353644
1,1,1,0,0,1,1,1,1,0,1,1,0,0,0,0,0,1,0,1,190.94221089447586
1,1,1,0,0,1,1,1,1,0,1,1,0,0,0,0,0,1,0,1,106.4570204759915
1,1,1,0,0,1,1,1,1,0,1,1,0,0,0,0,0,1,0,1,279.87800410055542
1,1,1,0,0,1,1,1,1,0,1,1,0,0,0,0,0,1,0,1,205.07530157856584
1,1,1,0,0,1,1,1,1,0,1,1,0,0,0,0,0,1,0,1,163.74096403651444
1,1,1,0,0,1,1,1,1,0,1,1,0,0,0,0,0,1,0,1,185.69699812765523
1,1,1,0,0,1,1,1,1,0,1,1,0,0,0,0,0,1,0,1,124.44638409922794
1,1,1,0,0,1,1,1,1,0,1,1,0,0,0,0,0,1,0,1,91.56479090581513
1,1,1,0,0,1,1,1,1,0,1,1,0,0,0,0,0,1,0,1,38.037315706660564
1,1,1,0,0,1,1,1,1,0,1,1,0,0,0,0,0,1,0,1,156.90015848573097
1,1,1,0,0,1,1,1,1,0,1,1,0,0,0,0,0,1,0,1,70.238279656946361
1,1,1,0,0,1,1,1,1,0,1,1,0,0,0,0,0,1,0,1,155.03272385124831
1,1,1,0,0,1,1,1,1,0,1,1,0,0,0,0,0,1,0,1,34.67284529018076
1,1,1,0,0,1,1,1,1,0,1,1,0,0,0,0,0,1,0,1,125.26340977572619
1,1,1,0,0,1,1,1,1,0,1,1,0,0,0,0,0,1,0,1,170.78809637062926
1,1,1,0,0,1,1,1,1,0,1,1,0,0,0,0,0,1,0,1,221.1493471139317
1,1,1,0,0,1,1,1,1,0,1,1,0,0,0,0,0,1,0,1,73.571674570375023
1,1,1,0,0,1,1,1,1,0,1,1,0,0,0,0,0,1,0,1,161.4560859088586
1,1,1,0,0,1,1,1,1,0,1,1,0,0,0,0,0,1,0,1,9.3961224257292137
1,1,1,0,0,1,1,1,1,0,1,1,0,0,0,0,0,1,0,1,101.26629027823326
1,1,1,0,0,1,1,1,1,0,1,1,0,0,0,0,0,1,0,1,245.12752637458755
1,1,1,0,0,1,1,1,1,0,1,1,0,0,0,0,0,1,0,1,148.12598359369395
1,1,1,0,0,1,1,1,1,0,1,1,0,0,0,0,0,1,0,1,74.375744262992612
1,1,1,0,0,1,1,1,1,0,1,1,0,0,0,0,0,1,0,1,44.105207666754367
1,1,1,0,0,1,1,1,1,0,1,1,0,0,0,0,0,1,0,1,89.956888365074036
1,1,1,0,0,1,1,1,1,0,1,1,0,0,0,0,0,1,0,1,38.552936346560905
1,1,1,0,0,1,1,1,1,0,1,1,0,0,0,0,0,1,0,1,109.56292280437982
1,1,1,0,0,1,1,1,1,0,1,1,0,0,0,0,0,1,0,1,235.62027784377364
1,1,1,0,0,1,1,1,1,0,1,1,0,0,0,0,0,1,0,1,43.377109515495547
1,1,1,0,0,1,1,1,1,0,1,1,0,0,0,0,0,1,0,1,249.6066356118086
1,1,1,0,0,1,1,1,1,0,1,1,0,0,0,0,0,1,0,1,114.46159320252355
1,1,1,0,0,1,1,1,1,0,1,1,0,0,0,0,0,1,0,1,253.2284526259408
1,1,1,0,0,1,1,1,1,0,1,1,0,0,0,0,0,1,0,1,267.29744071121536
1,1,1,0,0,1,1,1,1,0,1,1,0,0,0,0,0,1,0,1,93.737594154540403
1,1,1,0,0,1,1,1,1,0,1,1,0,0,0,0,0,1,0,1,152.5943136601594
1,1,1,0,0,1,1,1,1,0,1,1,0,0,0,0,0,1,0,1,268.06945873821741
1,1,1,0,0,1,1,1,1,0,1,1,0,0,0,0,0,1,0,1,184.12068186732915
1,1,1,0,0,1,1,1,1,0,1,1,0,0,0,0,0,1,0,1,207.29158356176319
1,1,1,0,0,1,1,1,1,0,1,1,0,0,0,0,0,1,0,1,171.00057388198775
1,1,1,0,0,1,1,1,1,0,1,1,0,0,0,0,0,1,0,1,226.77141178280525
1,1,1,0,0,1,1,1,1,0,1,1,0,0,0,0,0,1,0,1,154.55805930336967
1,1,1,0,0,1,1,1,1,0,1,1,0,0,0,0,0,1,0,1,174.55903166812314
1,1,1,0,0,1,1,1,1,0,1,1,0,0,0,0,0,1,0,1,199.03011399493087
1,1,1,0,0,1,1,1,1,0,1,1,0,0,0,0,0,1,0,1,202.32387059920262
1,1,1,0,0,1,1,1,1,0,1,1,0,0,0,0,0,1,0,1,90.776090778743821
1,1,1,0,0,1,1,1,1,0,1,1,0,0,0,0,0,1,0,1,238.75811984126739
1,1,1,0,0,1,1,1,1,0,1,1,0,0,0,0,0,1,0,1,51.766298558444404
1,1,1,0,0,1,1,1,1,0,1,1,0,0,0,0,0,1,0,1,217.92856654493144
1,1,1,0,0,1,1,1,1,0,1,1,0,0,0,0,0,1,0,1,205.96721340930441
1,1,1,0,0,1,1,1,1,0,1,1,0,0,0,0,0,1,0,1,68.276752278392735
1,1,1,0,0,1,1,1,1,0,1,1,0,0,0,0,0,1,0,1,211.6210467335832
1,1,1,0,0,1,1,1,1,0,1,1,0,0,0,0,0,1,0,1,96.745649162871715
1,1,1,0,0,1,1,1,1,0,1,1,0,0,0,0,0,1,0,1,178.04538504433458
1,1,1,0,0,1,1,1,1,0,1,1,0,0,0,0,0,1,0,1,92.417424217264852
1,1,1,0,0,1,1,1,1,0,1,1,0,0,0,0,0,1,0,1,98.242157721844464
1,1,1,0,0,1,1,1,1,0,1,1,0,0,0,0,0,1,0,1,204.83412060763504
1,1,1,0,0,1,1,1,1,0,1,1,0,0,0,0,0,1,0,1,175.10575233252956
1,1,1,0,0,1,1,1,1,0,1,1,0,0,0,0,0,1,0,1,290.61512588932823
1,1,1,0,0,1,1,1,1,0,1,1,0,0,0,0,0,1,0,1,230.06217964020789
1,1,1,0,0,1,1,1,1,0,1,1,0,0,0,0,0,1,0,1,204.03603516797386
1,1,1,0,0,1,1,1,1,0,1,1,0,0,0,0,0,1,0,1,214.19084839346522
1,1,1,0,0,1,1,1,1,0,1,1,0,0,0,0,0,1,0,1,270.70565427563702
1,1,1,0,0,1,1,1,1,0,1,1,0,0,0,0,0,1,0,1,213.30917447663882
1,1,1,0,0,1,1,1,1,0,1,1,0,0,0,0,0,1,0,1,128.32608301760649
1,1,1,0,0,1,1,1,1,0,1,1,0,0,0,0,0,1,0,1,88.967818167900532
1,1,1,0,0,1,1,1,1,0,1,1,0,0,0,0,0,1,0,1,123.52532477245313
1,1,1,0,0,1,1,1,1,0,1,1,0,0,0,0,0,1,0,1,204.42037686528323
1,1,1,0,0,1,1,1,1,0,1,1,0,0,0,0,0,1,0,1,153.41838703756974
1,1,1,0,0,1,1,1,1,0,1,1,0,0,0,0,0,1,0,1,188.35071901480967
1,1,1,0,0,1,1,1,1,0,1,1,0,0,0,0,0,1,0,1,212.00538843089259
1,1,1,0,0,1,1,1,1,0,1,1,0,0,0,0,0,1,0,1,209.57986514586992
1,1,1,0,0,1,1,1,1,0,1,1,0,0,0,0,0,1,0,1,244.29516619529861
1,1,1,0,0,1,1,1,1,0,1,1,0,0,0,0,0,1,0,1,187.92707036463213
1,1,1,0,0,1,1,1,1,0,1,1,0,0,0,0,0,1,0,1,185.44276499148262
1,1,1,0,0,1,1,1,1,0,1,1,0,0,0,0,0,1,0,1,29.61533670007536
1,1,1,0,0,1,1,1,1,0,1,1,0,0,0,0,0,1,0,1,253.77720785869349
1,1,1,0,0,1,1,1,1,0,1,1,0,0,0,0,0,1,0,1,76.753176620086435
1,1,1,0,0,1,1,1,1,0,1,1,0,0,0,0,0,1,0,1,243.06769805226486
1,1,1,0,0,1,1,1,1,0,1,1,0,0,0,0,0,1,0,1,94.134592565697162
1,1,1,0,0,1,1,1,1,0,1,1,0,0,0,0,0,1,0,1,91.737989897884759
1,1,1,0,0,1,1,1,1,0,1,1,0,0,0,0,0,1,0,1,276.89727294965127
1,1,1,0,0,1,1,1,1,0,1,1,0,0,0,0,0,1,0,1,34.670440175255642
1,1,1,0,0,1,1,1,1,0,1,1,0,0,0,0,0,1,0,1,182.50313227967763
1,1,1,0,0,1,1,1,1,0,1,1,0,0,0,0,0,1,0,1,94.689730050946054
1,1,1,0,0,1,1,1,1,0,1,1,0,0,0,0,0,1,0,1,27.462941320246493
1,1,1,0,0,1,1,1,1,0,1,1,0,0,0,0,0,1,0,1,187.35207256882163
1,1,1,0,0,1,1,1,1,0,1,1,0,0,0,0,0,1,0,1,240.28541888102433
1,1,1,0,0,1,1,1,1,0,1,1,0,0,0,0,0,1,0,1,39.603880308983435
1,1,1,0,0,1,1,1,1,0,1,1,0,0,0,0,0,1,0,1,55.520714762737995
1,1,1,0,0,1,1,1,1,0,1,1,0,0,0,0,0,1,0,1,159.60632998296921
1,1,1,0,0,1,1,1,1,0,1,1,0,0,0,0,0,1,0,1,128.04568894696669
1,1,1,0,0,1,1,1,1,0,1,1,0,0,0,0,0,1,0,1,212.78505401477031
1,1,1,0,0,1,1,1,1,0,1,1,0,0,0,0,0,1,0,1,207.08368797845492
1,1,1,0,0,1,1,1,1,0,1,1,0,0,0,0,0,1,0,1,230.51762975623961
1,1,1,0,0,1,1,1,1,0,1,1,0,0,0,0,0,1,0,1,72.782974443303715
1,1,1,0,0,1,1,1,1,0,1,1,0,0,0,0,0,1,0,1,84.1650857735317
1,1,1,0,0,1,1,1,1,0,1,1,0,0,0,0,0,1,0,1,210.52876483274247
1,1,1,0,0,1,1,1,1,0,1,1,0,0,0,0,0,1,0,1,19.619361666545668
1,1,1,0,0,1,1,1,1,0,1,1,0,0,0,0,0,1,0,1,248.97505989416922
1,1,1,0,0,1,1,1,1,0,1,1,0,0,0,0,0,1,0,1,228.72225123828474
1,1,1,0,0,1,1,1,1,0,1,1,0,0,0,0,0,1,0,1,170.69916884538986
1,1,1,0,0,1,1,1,1,0,1,1,0,0,0,0,0,1,0,1,62.347257691128782
1,1,1,0,0,1,1,1,1,0,1,1,0,0,0,0,0,1,0,1,214.13241596154063
1,1,1,0,0,1,1,1,1,0,1,1,0,0,0,0,0,1,0,1,66.212333344498902
1,1,1,0,0,1,1,1,1,0,1,1,0,0,0,0,0,1,0,1,182.62880713176415
1,1,1,0,0,1,1,1,1,0,1,1,0,0,0,0,0,1,0,1,306.69893464742933
1,1,1,0,0,1,1,1,1,0,1,1,0,0,0,0,0,1,0,1,65.161389382076379
1,1,1,0,0,1,1,1,1,0,1,1,0,0,0,0,0,1,0,1,39.884666517624822
1,1,1,0,0,1,1,1,1,0,1,1,0,0,0,0,0,1,0,1,221.72836813061446
1,1,1,0,0,1,1,1,1,0,1,1,0,0,0,0,0,1,0,1,203.43588132692273
1,1,1,0,0,1,1,1,1,0,1,1,0,0,0,0,0,1,0,1,71.875558071477286
1,1,1,0,0,1,1,1,1,0,1,1,0,0,0,0,0,1,0,1,218.62208750355649
1,1,1,0,0,1,1,1,1,0,1,1,0,0,0,0,0,1,0,1,155.33632628480933
1,1,1,0,0,1,1,1,1,0,1,1,0,0,0,0,0,1,0,1,211.58448496565012
1,1,1,0,0,1,1,1,1,0,1,1,0,0,0,0,0,1,0,1,207.2961654898134
1,1,1,0,0,1,1,1,1,0,1,1,0,0,0,0,0,1,0,1,175.54810913453386
1,1,1,0,0,1,1,1,1,0,1,1,0,0,0,0,0,1,0,1,86.569239082084465
1,1,1,0,0,1,1,1,1,0,1,1,0,0,0,0,0,1,0,1,78.838399940850834
1,1,1,0,0,1,1,1,1,0,1,1,0,0,0,0,0,1,0,1,84.1048617078646
1,1,1,0,0,1,1,1,1,0,1,1,0,0,0,0,0,1,0,1,143.47146939538663
1,1,1,0,0,1,1,1,1,0,1,1,0,0,0,0,0,1,0,1,233.93028057337386
1,1,1,0,0,1,1,1,1,0,1,1,0,0,0,0,0,1,0,1,75.352776103185747
1,1,1,0,0,1,1,1,1,0,1,1,0,0,0,0,0,1,0,1,96.468476867083439
1,1,1,0,0,1,1,1,1,0,1,1,0,0,0,0,0,1,0,1,243.47192471039682
1,1,1,0,0,1,1,1,1,0,1,1,0,0,0,0,0,1,0,1,91.012128893224116
1,1,1,0,0,1,1,1,1,0,1,1,0,0,0,0,0,1,0,1,63.348435329558569
1,1,1,0,0,1,1,1,1,0,1,1,0,0,0,0,0,1,0,1,118.93694972754089
1,1,1,0,0,1,1,1,1,0,1,1,0,0,0,0,0,1,0,1,126.22530889486711
1,1,1,0,0,1,1,1,1,0,1,1,0,0,0,0,0,1,0,1,262.86938330347579
1,1,1,0,0,1,1,1,1,0,1,1,0,0,0,0,0,1,0,1,227.89829658484456
1,1,1,0,0,1,1,1,1,0,1,1,0,0,0,0,0,1,0,1,107.17798667351212
1,1,1,0,0,1,1,1,1,0,1,1,0,0,0,0,0,1,0,1,35.06454700609531
1,1,1,0,0,1,1,1,1,0,1,1,0,0,0,0,0,1,0,1,113.13086295757074
1,1,1,0,0,1,1,1,1,0,1,1,0,0,0,0,0,1,0,1,84.970004008773657
1,1,1,0,0,1,1,1,1,0,1,1,0,0,0,0,0,1,0,1,259.96853248686421
1,1,1,0,0,1,1,1,1,0,1,1,0,0,0,0,0,1,0,1,282.40670732133827
1,1,1,0,0,1,1,1,1,0,1,1,0,0,0,0,0,1,0,1,174.91474874177098
1,1,1,0,0,1,1,1,1,0,1,1,0,0,0,0,0,1,0,1,168.53571474847973
1,1,1,0,0,1,1,1,1,0,1,1,0,0,0,0,0,1,0,1,55.534763207175686
1,1,1,0,0,1,1,1,1,0,1,1,0,0,0,0,0,1,0,1,85.070860995767575
1,1,1,0,0,1,1,1,1,0,1,1,0,0,0,0,0,1,0,1,81.341551664998676
1,1,1,0,0,1,1,1,1,0,1,1,0,0,0,0,0,1,0,1,33.064942749439666
1,1,1,0,0,1,1,1,1,0,1,1,0,0,0,0,0,1,0,1,128.31260452419644
1,1,1,0,0,1,1,1,1,0,1,1,0,0,0,0,0,1,0,1,185.19860879164619
1,1,1,0,0,1,1,1,1,0,1,1,0,0,0,0,0,1,0,1,185.56974621610857
1,1,1,0,0,1,1,1,1,0,1,1,0,0,0,0,0,1,0,1,161.77057269547487
1,1,1,0,0,1,1,1,1,0,1,1,0,0,0,0,0,1,0,1,55.502823538070231
1,1,1,0,0,1,1,1,1,0,1,1,0,0,0,0,0,1,0,1,239.61809200290054
1,1,1,0,0,1,1,1,1,0,1,1,0,0,0,0,0,1,0,1,285.59991598360091
1,1,1,0,0,1,1,1,1,0,1,1,0,0,0,0,0,1,0,1,127.4095313012771
1,1,1,0,0,1,1,1,1,0,1,1,0,0,0,0,0,1,0,1,310.3421593709113
1,1,1,0,0,1,1,1,1,0,1,1,0,0,0,0,0,1,0,1,209.7923426572284
1,1,1,0,0,1,1,1,1,0,1,1,0,0,0,0,0,1,0,1,297.10905579937577
1,1,1,0,0,1,1,1,1,0,1,1,0,0,0,0,0,1,0,1,157.12786096325172
1,1,1,0,0,1,1,1,1,0,1,1,0,0,0,0,0,1,0,1,65.462794418674278
1,1,1,0,0,1,1,1,1,0,1,1,0,0,0,0,0,1,0,1,76.838795684195205
1,1,1,0,0,1,1,1,1,0,1,1,0,0,0,0,0,1,0,1,166.31076569639646
1,1,1,0,0,1,1,1,1,0,1,1,0,0,0,0,0,1,0,1,35.467514046778533
1,1,1,0,0,1,1,1,1,0,1,1,0,0,0,0,0,1,0,1,218.51907333907212
1,1,1,0,0,1,1,1,1,0,1,1,0,0,0,0,0,1,0,1,128.76665514448729
1,1,1,0,0,1,1,1,1,0,1,1,0,0,0,0,0,1,0,1,141.10564542489493
1,1,1,0,0,1,1,1,1,0,1,1,0,0,0,0,0,1,0,1,244.97700562960381
1,1,1,0,0,1,1,1,1,0,1,1,0,0,0,0,0,1,0,1,75.060099266309606
1,1,1,0,0,1,1,1,1,0,1,1,0,0,0,0,0,1,0,1,108.39697094733583
1,1,1,0,0,1,1,1,1,0,1,1,0,0,0,0,0,1,0,1,144.76195189839527
1,1,1,0,0,1,1,1,1,0,1,1,0,0,0,0,0,1,0,1,274.97933370241168
1,1,1,0,0,1,1,1,1,0,1,1,0,0,0,0,0,1,0,1,203.90917672072416
1,1,1,0,0,1,1,1,1,0,1,1,0,0,0,0,0,1,0,1,185.94814771747082
1,1,1,0,0,1,1,1,1,0,1,1,0,0,0,0,0,1,0,1,47.767291227477145
1,1,1,0,0,1,1,1,1,0,1,1,0,0,0,0,0,1,0,1,278.13144392557513
1,1,1,0,0,1,1,1,1,0,1,1,0,0,0,0,0,1,0,1,89.426822771702589
1,1,1,0,0,1,1,1,1,0,1,1,0,0,0,0,0,1,0,1,213.93087905364666
1,1,1,0,0,1,1,1,1,0,1,1,0,0,0,0,0,1,0,1,146.04127105526868
1,1,1,0,0,1,1,1,1,0,1,1,0,0,0,0,0,1,0,1,147.28109847218752
1,1,1,0,0,1,1,1,1,0,1,1,0,0,0,0,0,1,0,1,50.275136120984449
1,1,1,0,0,1,1,1,1,0,1,1,0,0,0,0,0,1,0,1,149.44814478518052
1,1,1,0,0,1,1,1,1,0,1,1,0,0,0,0,0,1,0,1,67.767764537576397
1,1,1,0,0,1,1,1,1,0,1,1,0,0,0,0,0,1,0,1,173.15510681677233
1,1,1,0,0,1,1,1,1,0,1,1,0,0,0,0,0,1,0,1,65.161389382076379
1,1,1,0,0,1,1,1,1,0,1,1,0,0,0,0,0,1,0,1,219.32399157431405
1,1,1,0,0,1,1,1,1,0,1,1,0,0,0,0,0,1,0,1,194.34392110814562
1,1,1,0,0,1,1,1,1,0,1,1,0,0,0,0,0,1,0,1,50.83035660735905
1,1,1,0,0,1,1,1,1,0,1,1,0,0,0,0,0,1,0,1,141.30385471058366
1,1,1,0,0,1,1,1,1,0,1,1,0,0,0,0,0,1,0,1,72.088035582835758
1,1,1,0,0,1,1,1,1,0,1,1,0,0,0,0,0,1,0,1,170.03409283479661
1,1,1,0,0,1,1,1,1,0,1,1,0,0,0,0,0,1,0,1,223.31367425213597
1,1,1,0,0,1,1,1,1,0,1,1,0,0,0,0,0,1,0,1,323.34767778296828
1,1,1,0,0,1,1,1,1,0,1,1,0,0,0,0,0,1,0,1,251.20740619881144
1,1,1,0,0,1,1,1,1,0,1,1,0,0,0,0,0,1,0,1,208.72284971855748
1,1,1,0,0,1,1,1,1,0,1,1,0,0,0,0,0,1,0,1,110.70324326637794
1,1,1,0,0,1,1,1,1,0,1,1,0,0,0,0,0,1,0,1,278.48257907117278
1,1,1,0,0,1,1,1,1,0,1,1,0,0,0,0,0,1,0,1,192.61781369531403
1,1,1,0,0,1,1,1,1,0,1,1,0,0,0,0,0,1,0,1,209.57986514586992
1,1,1,0,0,1,1,1,1,0,1,1,0,0,0,0,0,1,0,1,164.038969318759
1,1,1,0,0,1,1,1,1,0,1,1,0,0,0,0,0,1,0,1,234.69533395686275
1,1,1,0,0,1,1,1,1,0,1,1,0,0,0,0,0,1,0,1,64.888603940748951
1,1,1,0,0,1,1,1,1,0,1,1,0,0,0,0,0,1,0,1,126.94129960486966
1,1,1,0,0,1,1,1,1,0,1,1,0,0,0,0,0,1,0,1,239.18500549887864
1,1,1,0,0,1,1,1,1,0,1,1,0,0,0,0,0,1,0,1,170.13337937530866
1,1,1,0,0,1,1,1,1,0,1,1,0,0,0,0,0,1,0,1,29.61533670007536
1,1,1,0,0,1,1,1,1,0,1,1,0,0,0,0,0,1,0,1,229.80760416218357
1,1,1,0,0,1,1,1,1,0,1,1,0,0,0,0,0,1,0,1,49.343607487803254
1,1,1,0,0,1,1,1,1,0,1,1,0,0,0,0,0,1,0,1,201.57425360676788
1,1,1,0,0,1,1,1,1,0,1,1,0,0,0,0,0,1,0,1,130.13286725825384
1,1,1,0,0,1,1,1,1,0,1,1,0,0,0,0,0,1,0,1,203.52277428381586
1,1,1,0,0,1,1,1,1,0,1,1,0,0,0,0,0,1,0,1,296.89657828801728
1,1,1,0,0,1,1,1,1,0,1,1,0,0,0,0,0,1,0,1,14.411332331456521
1,1,1,0,0,1,1,1,1,0,1,1,0,0,0,0,0,1,0,1,21.953506948559447
1,1,1,0,0,1,1,1,1,0,1,1,0,0,0,0,0,1,0,1,166.42845886607947
1,1,1,0,0,1,1,1,1,0,1,1,0,0,0,0,0,1,0,1,232.8379986725331
1,1,1,0,0,1,1,1,1,0,1,1,0,0,0,0,0,1,0,1,152.04555842740672
1,1,1,0,0,1,1,1,1,0,1,1,0,0,0,0,0,1,0,1,126.15807158941183
1,1,1,0,0,1,1,1,1,0,1,1,0,0,0,0,0,1,0,1,81.156686135984359
1,1,1,0,0,1,1,1,1,0,1,1,0,0,0,0,0,1,0,1,191.14822315221244
1,1,1,0,0,1,1,1,1,0,1,1,0,0,0,0,0,1,0,1,261.14974191294436
1,1,1,0,0,1,1,1,1,0,1,1,0,0,0,0,0,1,0,1,196.74183241082414
1,1,1,0,0,1,1,1,1,0,1,1,0,0,0,0,0,1,0,1,134.60119732471929
1,1,1,0,0,1,1,1,1,0,1,1,0,0,0,0,0,1,0,1,136.35166671009662
1,1,1,0,0,1,1,1,1,0,1,1,0,0,0,0,0,1,0,1,185.87910515305401
1,1,1,0,0,1,1,1,1,0,1,1,0,0,0,0,0,1,0,1,36.806376171580666
1,1,1,0,0,1,1,1,1,0,1,1,0,0,0,0,0,1,0,1,27.462941320246493
1,1,1,0,0,1,1,1,1,0,1,1,0,0,0,0,0,1,0,1,77.770572366686864
1,1,1,0,0,1,1,1,1,0,1,1,0,0,0,0,0,1,0,1,54.938150141259925
1,1,1,0,0,1,1,1,1,0,1,1,0,0,0,0,0,1,0,1,36.284539723276772
1,1,1,0,0,1,1,1,1,0,1,1,0,0,0,0,0,1,0,1,179.22059356734255
1,1,1,0,0,1,1,1,1,0,1,1,0,0,0,0,0,1,0,1,156.59236792472481
1,1,1,0,0,1,1,1,1,0,1,1,0,0,0,0,0,1,0,1,68.062240198687974
1,1,1,0,0,1,1,1,1,0,1,1,0,0,0,0,0,1,0,1,185.30529641174073
1,1,1,0,0,1,1,1,1,0,1,1,0,0,0,0,0,1,0,1,127.53090019957489
1,1,1,0,0,1,1,1,1,0,1,1,0,0,0,0,0,1,0,1,204.07043077418285
1,1,1,0,0,1,1,1,1,0,1,1,0,0,0,0,0,1,0,1,188.35071901480967
1,1,1,0,0,1,1,1,1,0,1,1,0,0,0,0,0,1,0,1,109.16066078078802
1,1,1,0,0,1,1,1,1,0,1,1,0,0,0,0,0,1,0,1,205.7122596326104
1,1,1,0,0,1,1,1,1,0,1,1,0,0,0,0,0,1,0,1,127.83321143560822
1,1,1,0,0,1,1,1,1,0,1,1,0,0,0,0,0,1,0,1,236.18831818138534
1,1,1,0,0,1,1,1,1,0,1,1,0,0,0,0,0,1,0,1,222.05102216740551
1,1,1,0,0,1,1,1,1,0,1,1,0,0,0,0,0,1,0,1,279.87800410055542
1,1,1,0,0,1,1,1,1,0,1,1,0,0,0,0,0,1,0,1,280.09048161191384
1,1,1,0,0,1,1,1,1,0,1,1,0,0,0,0,0,1,0,1,170.85434557282926
1,1,1,0,0,1,1,1,1,0,1,1,0,0,0,0,0,1,0,1,162.43106677801791
1,1,1,0,0,1,1,1,1,0,1,1,0,0,0,0,0,1,0,1,178.93358160439834
1,1,1,0,0,1,1,1,1,0,1,1,0,0,0,0,0,1,0,1,156.93964689750021
1,1,1,0,0,1,1,1,1,0,1,1,0,0,0,0,0,1,0,1,111.33660365914085
1,1,1,0,0,1,1,1,1,0,1,1,0,0,0,0,0,1,0,1,129.19240891367872
1,1,1,0,0,1,1,1,1,0,1,1,0,0,0,0,0,1,0,1,211.58448496565012
1,1,1,0,0,1,1,1,1,0,1,1,0,0,0,0,0,1,0,1,162.25075466545633
1,1,1,0,0,1,1,1,1,0,1,1,0,0,0,0,0,1,0,1,255.43156165933848
1,1,1,0,0,1,1,1,1,0,1,1,0,0,0,0,0,1,0,1,159.6029580106719
1,1,1,0,0,1,1,1,1,0,1,1,0,0,0,0,0,1,0,1,284.0146098620794
1,1,1,0,0,1,1,1,1,0,1,1,0,0,0,0,0,1,0,1,202.11379820276926
1,1,1,0,0,1,1,1,1,0,1,1,0,0,0,0,0,1,0,1,189.44383280815899
1,1,1,0,0,1,1,1,1,0,1,1,0,0,0,0,0,1,0,1,247.69732803446959
1,1,1,0,0,1,1,1,1,0,1,1,0,0,0,0,0,1,0,1,77.917682955927731
1,1,1,0,0,1,1,1,1,0,1,1,0,0,0,0,0,1,0,1,228.56249258279513
1,1,1,0,0,1,1,1,1,0,1,1,0,0,0,0,0,1,0,1,188.31855361601276
1,1,1,0,0,1,1,1,1,0,1,1,0,0,0,0,0,1,0,1,110.04046517027029
1,1,1,0,0,1,1,1,1,0,1,1,0,0,0,0,0,1,0,1,184.00247699523868
1,1,1,0,0,1,1,1,1,0,1,1,0,0,0,0,0,1,0,1,268.06945873821741
1,1,1,0,0,1,1,1,1,0,1,1,0,0,0,0,0,1,0,1,323.34767778296828
1,1,1,0,0,1,1,1,1,0,1,1,0,0,0,0,0,1,0,1,101.02443689308497
1,1,1,0,0,1,1,1,1,0,1,1,0,0,0,0,0,1,0,1,28.28042995138653
1,1,1,0,0,1,1,1,1,0,1,1,0,0,0,0,0,1,0,1,121.74972399209621
1,1,1,0,0,1,1,1,1,0,1,1,0,0,0,0,0,1,0,1,182.62880713176415
1,1,1,0,0,1,1,1,1,0,1,1,0,0,0,0,0,1,0,1,115.44608874088406
1,1,1,0,0,1,1,1,1,0,1,1,0,0,0,0,0,1,0,1,204.42037686528323
1,1,1,0,0,1,1,1,1,0,1,1,0,0,0,0,0,1,0,1,21.667326878123802
1,1,1,0,0,1,1,1,1,0,1,1,0,0,0,0,0,1,0,1,93.866488566044268
1,1,1,0,0,1,1,1,1,0,1,1,0,0,0,0,0,1,0,1,118.10284377679005
1,1,1,0,0,1,1,1,1,0,1,1,0,0,0,0,0,1,0,1,125.37297181239141
1,1,1,0,0,1,1,1,1,0,1,1,0,0,0,0,0,1,0,1,53.837933141195165
1,1,1,0,0,1,1,1,1,0,1,1,0,0,0,0,0,1,0,1,34.403804874241807
1,1,1,0,0,1,1,1,1,0,1,1,0,0,0,0,0,1,0,1,295.19974822203676
1,1,1,0,0,1,1,1,1,0,1,1,0,0,0,0,0,1,0,1,67.129141119024922
1,1,1,0,0,1,1,1,1,0,1,1,0,0,0,0,0,1,0,1,196.12059610943334
1,1,1,0,0,1,1,1,1,0,1,1,0,0,0,0,0,1,0,1,41.705046569724395
1,1,1,0,0,1,1,1,1,0,1,1,0,0,0,0,0,1,0,1,39.302475272385536
1,1,1,0,0,1,1,1,1,0,1,1,0,0,0,0,0,1,0,1,281.07497715027438
1,1,1,0,0,1,1,1,1,0,1,1,0,0,0,0,0,1,0,1,243.68440222175531
1,1,1,0,0,1,1,1,1,0,1,1,0,0,0,0,0,1,0,1,203.09600671282448
1,1,1,0,0,1,1,1,1,0,1,1,0,0,0,0,0,1,0,1,215.42743523088618
1,1,1,0,0,1,1,1,1,0,1,1,0,0,0,0,0,1,0,1,245.9324446098295
1,1,1,0,0,1,1,1,1,0,1,1,0,0,0,0,0,1,0,1,106.03964679881227
1,1,1,0,0,1,1,1,1,0,1,1,0,0,0,0,0,1,0,1,175.33104969512519
1,1,1,0,0,1,1,1,1,0,1,1,0,0,0,0,0,1,0,1,21.953506948559447
1,1,1,0,0,1,1,1,1,0,1,1,0,0,0,0,0,1,0,1,174.27949729551679
1,1,1,0,0,1,1,1,1,0,1,1,0,0,0,0,0,1,0,1,152.53196475578309
1,1,1,0,0,1,1,1,1,0,1,1,0,0,0,0,0,1,0,1,111.7498656321489
1,1,1,0,0,1,1,1,1,0,1,1,0,0,0,0,0,1,0,1,16.101329601856275
1,1,1,0,0,1,1,1,1,0,1,1,0,0,0,0,0,1,0,1,285.90132102019879
1,1,1,0,0,1,1,1,1,0,1,1,0,0,0,0,0,1,0,1,89.847622557382806
1,1,1,0,0,1,1,1,1,0,1,1,0,0,0,0,0,1,0,1,184.21097854664578
1,1,1,0,0,1,1,1,1,0,1,1,0,0,0,0,0,1,0,1,231.88255969230744
1,1,1,0,0,1,1,1,1,0,1,1,0,0,0,0,0,1,0,1,110.5610612976887
1,1,1,0,0,1,1,1,1,0,1,1,0,0,0,0,0,1,0,1,144.01819005979308
1,1,1,0,0,1,1,1,1,0,1,1,0,0,0,0,0,1,0,1,34.746547849257936
1,1,1,0,0,1,1,1,1,0,1,1,0,0,0,0,0,1,0,1,67.092137733981176
1,1,1,0,0,1,1,1,1,0,1,1,0,0,0,0,0,1,0,1,121.13896001855288
1,1,1,0,0,1,1,1,1,0,1,1,0,0,0,0,0,1,0,1,102.15820210897182
1,1,1,0,0,1,1,1,1,0,1,1,0,0,0,0,0,1,0,1,124.78218474203484
1,1,1,0,0,1,1,1,1,0,1,1,0,0,0,0,0,1,0,1,86.569239082084465
1,1,1,0,0,1,1,1,1,0,1,1,0,0,0,0,0,1,0,1,63.348435329558569
1,1,1,0,0,1,1,1,1,0,1,1,0,0,0,0,0,1,0,1,56.567493456566822
1,1,1,0,0,1,1,1,1,0,1,1,0,0,0,0,0,1,0,1,204.42037686528323
1,1,1,0,0,1,1,1,1,0,1,1,0,0,0,0,0,1,0,1,8.5163180362469362
1,1,1,0,0,1,1,1,1,0,1,1,0,0,0,0,0,1,0,1,169.52021028684024
1,1,1,0,0,1,1,1,1,0,1,1,0,0,0,0,0,1,0,1,301.5877867379271
1,1,1,0,0,1,1,1,1,0,1,1,0,0,0,0,0,1,0,1,301.5877867379271
1,1,1,0,0,1,1,1,1,0,1,1,0,0,0,0,0,1,0,1,296.12456026101529
1,1,1,0,0,1,1,1,1,0,1,1,0,0,0,0,0,1,0,1,78.255835319372764
1,1,1,0,0,1,1,1,1,0,1,1,0,0,0,0,0,1,0,1,67.668477997064343
1,1,1,0,0,1,1,1,1,0,1,1,0,0,0,0,0,1,0,1,118.81009128029119
1,1,1,0,0,1,1,1,1,0,1,1,0,0,0,0,0,1,0,1,173.73350616965672
1,1,1,0,0,1,1,1,1,0,1,1,0,0,0,0,0,1,0,1,257.91261337493853
1,1,1,0,0,1,1,1,1,0,1,1,0,0,0,0,0,1,0,1,176.51000825367481
1,1,1,0,0,1,1,1,1,0,1,1,0,0,0,0,0,1,0,1,79.939682449458928
1,1,1,0,0,1,1,1,1,0,1,1,0,0,0,0,0,1,0,1,226.40362041393519
1,1,1,0,0,1,1,1,1,0,1,1,0,0,0,0,0,1,0,1,19.17122777731894
1,1,1,0,0,1,1,1,1,0,1,1,0,0,0,0,0,1,0,1,183.60679931937278
1,1,1,0,0,1,1,1,1,0,1,1,0,0,0,0,0,1,0,1,164.77446574860537
1,1,1,0,0,1,1,1,1,0,1,1,0,0,0,0,0,1,0,1,58.249098556385093
1,1,1,0,0,1,1,1,1,0,1,1,0,0,0,0,0,1,0,1,108.65527805479982
1,1,1,0,0,1,1,1,1,0,1,1,0,0,0,0,0,1,0,1,96.958126674230186
1,1,1,0,0,1,1,1,1,0,1,1,0,0,0,0,0,1,0,1,91.754671997954034
1,1,1,0,0,1,1,1,1,0,1,1,0,0,0,0,0,1,0,1,145.5561819338119
1,1,1,0,0,1,1,1,1,0,1,1,0,0,0,0,0,1,0,1,59.264072537944585
1,1,1,0,0,1,1,1,1,0,1,1,0,0,0,0,0,1,0,1,217.62716150833353
1,1,1,0,0,1,1,1,1,0,1,1,0,0,0,0,0,1,0,1,147.0303485216794
1,1,1,0,0,1,1,1,1,0,1,1,0,0,0,0,0,1,0,1,151.24592841806052
1,1,1,0,0,1,1,1,1,0,1,1,0,0,0,0,0,1,0,1,24.841307765278856
1,1,1,0,0,1,1,1,1,0,1,1,0,0,0,0,0,1,0,1,56.030432042100678
1,1,1,0,0,1,1,1,1,0,1,1,0,0,0,0,0,1,0,1,140.79628648794949
1,1,1,0,0,1,1,1,1,0,1,1,0,0,0,0,0,1,0,1,247.02472651067026
1,1,1,0,0,1,1,1,1,0,1,1,0,0,0,0,0,1,0,1,63.848694870653148
1,1,1,0,0,1,1,1,1,0,1,1,0,0,0,0,0,1,0,1,206.23804545898585
1,1,1,0,0,1,1,1,1,0,1,1,0,0,0,0,0,1,0,1,96.634255181103356
1,1,1,0,0,1,1,1,1,0,1,1,0,0,0,0,0,1,0,1,268.06945873821741
1,1,1,0,0,1,1,1,1,0,1,1,0,0,0,0,0,1,0,1,34.534070337899458
1,1,1,0,0,1,1,1,1,0,1,1,0,0,0,0,0,1,0,1,170.69916884538986
1,1,1,0,0,1,1,1,1,0,1,1,0,0,0,0,0,1,0,1,157.49085921959391
1,1,1,0,0,1,1,1,1,0,1,1,0,0,0,0,0,1,0,1,159.18768928557444
1,1,1,0,0,1,1,1,1,0,1,1,0,0,0,0,0,1,0,1,246.52204520453478
1,1,1,0,0,1,1,1,1,0,1,1,0,0,0,0,0,1,0,1,206.22954563701768
1,1,1,0,0,1,1,1,1,0,1,1,0,0,0,0,0,1,0,1,216.78456040039174
1,1,1,0,0,1,1,1,1,0,1,1,0,0,0,0,0,1,0,1,191.7992263217883
1,1,1,0,0,1,1,1,1,0,1,1,0,0,0,0,0,1,0,1,284.97650898122032
1,1,1,0,0,1,1,1,1,0,1,1,0,0,0,0,0,1,0,1,236.81359471111011
1,1,1,0,0,1,1,1,1,0,1,1,0,0,0,0,0,1,0,1,216.86347167488134
1,1,1,0,0,1,1,1,1,0,1,1,0,0,0,0,0,1,0,1,134.23730762098091
1,1,1,0,0,1,1,1,1,0,1,1,0,0,0,0,0,1,0,1,19.097525218241771
1,1,1,0,0,1,1,1,1,0,1,1,0,0,0,0,0,1,0,1,293.90589374673084
1,1,1,0,0,1,1,1,1,0,1,1,0,0,0,0,0,1,0,1,158.37066360907619
1,1,1,0,0,1,1,1,1,0,1,1,0,0,0,0,0,1,0,1,54.938150141259925
1,1,1,0,0,1,1,1,1,0,1,1,0,0,0,0,0,1,0,1,173.32944262024944
1,1,1,0,0,1,1,1,1,0,1,1,0,0,0,0,0,1,0,1,97.452972405443944
1,1,1,0,0,1,1,1,1,0,1,1,0,0,0,0,0,1,0,1,271.00909145002242
1,1,1,0,0,1,1,1,1,0,1,1,0,0,0,0,0,1,0,1,63.41508526529276
1,1,1,0,0,1,1,1,1,0,1,1,0,0,0,0,0,1,0,1,198.53721092877902
1,1,1,0,0,1,1,1,1,0,1,1,0,0,0,0,0,1,0,1,90.352802782414273
1,1,1,0,0,1,1,1,1,0,1,1,0,0,0,0,0,1,0,1,209.39499961685561
1,1,1,0,0,1,1,1,1,0,1,1,0,0,0,0,0,1,0,1,157.90612794469138
1,1,1,0,0,1,1,1,1,0,1,1,0,0,0,0,0,1,0,1,-7.134451067521411
1,1,1,0,0,1,1,1,1,0,1,1,0,0,0,0,0,1,0,1,185.74875195613075
1,1,1,0,0,1,1,1,1,0,1,1,0,0,0,0,0,1,0,1,82.50948410934096
1,1,1,0,0,1,1,1,1,0,1,1,0,0,0,0,0,1,0,1,81.038114490613268
1,1,1,0,0,1,1,1,1,0,1,1,0,0,0,0,0,1,0,1,78.443173890486179
1,1,1,0,0,1,1,1,1,0,1,1,0,0,0,0,0,1,0,1,36.520196101145025
1,1,1,0,0,1,1,1,1,0,1,1,0,0,0,0,0,1,0,1,156.57049726073325
1,1,1,0,0,1,1,1,1,0,1,1,0,0,0,0,0,1,0,1,186.29089069248698
1,1,1,0,0,1,1,1,1,0,1,1,0,0,0,0,0,1,0,1,273.79137062126296
1,1,1,0,0,1,1,1,1,0,1,1,0,0,0,0,0,1,0,1,171.41150337300988
1,1,1,0,0,1,1,1,1,0,1,1,0,0,0,0,0,1,0,1,146.34725801991681
1,1,1,0,0,1,1,1,1,0,1,1,0,0,0,0,0,1,0,1,176.95310314349382
1,1,1,0,0,1,1,1,1,0,1,1,0,0,0,0,0,1,0,1,60.225971657085523
1,1,1,0,0,1,1,1,1,0,1,1,0,0,0,0,0,1,0,1,185.69699812765523
1,1,1,0,0,1,1,1,1,0,1,1,0,0,0,0,0,1,0,1,320.56539861172774
1,1,1,0,0,1,1,1,1,0,1,1,0,0,0,0,0,1,0,1,34.882917686614121
1,1,1,0,0,1,1,1,1,0,1,1,0,0,0,0,0,1,0,1,233.21428986337133
1,1,1,0,0,1,1,1,1,0,1,1,0,0,0,0,0,1,0,1,201.9013206914108
1,1,1,0,0,1,1,1,1,0,1,1,0,0,0,0,0,1,0,1,26.281731894166317
1,1,1,0,0,1,1,1,1,0,1,1,0,0,0,0,0,1,0,1,78.902178494288236
1,1,1,0,0,1,1,1,1,0,1,1,0,0,0,0,0,1,0,1,76.073742300706343
1,1,1,0,0,1,1,1,1,0,1,1,0,0,0,0,0,1,0,1,198.41068295250162
1,1,1,0,0,1,1,1,1,0,1,1,0,0,0,0,0,1,0,1,117.80341288940761
1,1,1,0,0,1,1,1,1,0,1,1,0,0,0,0,0,1,0,1,172.31664036570831
1,1,1,0,0,1,1,1,1,0,1,1,0,0,0,0,0,1,0,1,221.13723967267538
1,1,1,0,0,1,1,1,1,0,1,1,0,0,0,0,0,1,0,1,170.13337937530866
1,1,1,0,0,1,1,1,1,0,1,1,0,0,0,0,0,1,0,1,166.68377332594434
1,1,1,0,0,1,1,1,1,0,1,1,0,0,0,0,0,1,0,1,112.67073894512988
1,1,1,0,0,1,1,1,1,0,1,1,0,0,0,0,0,1,0,1,186.00471062205131
1,1,1,0,0,1,1,1,1,0,1,1,0,0,0,0,0,1,0,1,252.50006042883842
1,1,1,0,0,1,1,1,1,0,1,1,0,0,0,0,0,1,0,1,158.52495301902175
1,1,1,0,0,1,1,1,1,0,1,1,0,0,0,0,0,1,0,1,207.22254099734636
1,1,1,0,0,1,1,1,1,0,1,1,0,0,0,0,0,1,0,1,243.205289409383
1,1,1,0,0,1,1,1,1,0,1,1,0,0,0,0,0,1,0,1,181.1060402239076
1,1,1,0,0,1,1,1,1,0,1,1,0,0,0,0,0,1,0,1,200.83440097856274
1,1,1,0,0,1,1,1,1,0,1,1,0,0,0,0,0,1,0,1,112.51098028964026
1,1,1,0,0,1,1,1,1,0,1,1,0,0,0,0,0,1,0,1,201.36124572483368
1,1,1,0,0,1,1,1,1,0,1,1,0,0,0,0,0,1,0,1,37.612478001985778
1,1,1,0,0,1,1,1,1,0,1,1,0,0,0,0,0,1,0,1,101.76085906859902
1,1,1,0,0,1,1,1,1,0,1,1,0,0,0,0,0,1,0,1,67.092137733981176
1,1,1,0,0,1,1,1,1,0,1,1,0,0,0,0,0,1,0,1,91.337298320774792
1,1,1,0,0,1,1,1,1,0,1,1,0,0,0,0,0,1,0,1,130.20269158848248
1,1,1,0,0,1,1,1,1,0,1,1,0,0,0,0,0,1,0,1,44.825253400747009
1,1,1,0,0,1,1,1,1,0,1,1,0,0,0,0,0,1,0,1,45.758697109626084
1,1,1,0,0,1,1,1,1,0,1,1,0,0,0,0,0,1,0,1,97.793415395431893
1,1,1,0,0,1,1,1,1,0,1,1,0,0,0,0,0,1,0,1,277.30820244067337
1,1,1,0,0,1,1,1,1,0,1,1,0,0,0,0,0,1,0,1,99.339683563563369
1,1,1,0,0,1,1,1,1,0,1,1,0,0,0,0,0,1,0,1,159.84818336811747
1,1,1,0,0,1,1,1,1,0,1,1,0,0,0,0,0,1,0,1,28.388987776566566
1,1,1,0,0,1,1,1,1,0,1,1,0,0,0,0,0,1,0,1,176.13607746699557
1,1,1,0,0,1,1,1,1,0,1,1,0,0,0,0,0,1,0,1,158.91665473493626
1,1,1,0,0,1,1,1,1,0,1,1,0,0,0,0,0,1,0,1,266.57024875939197
1,1,1,0,0,1,1,1,1,0,1,1,0,0,0,0,0,1,0,1,47.34400323114761
1,1,1,0,0,1,1,1,1,0,1,1,0,0,0,0,0,1,0,1,151.27809381685742
1,1,1,0,0,1,1,1,1,0,1,1,0,0,0,0,0,1,0,1,201.33937506084214
1,1,1,0,0,1,1,1,1,0,1,1,0,0,0,0,0,1,0,1,277.52067995203186
1,1,1,0,0,1,1,1,1,0,1,1,0,0,0,0,0,1,0,1,242.27682118802198
1,1,1,0,0,1,1,1,1,0,1,1,0,0,0,0,0,1,0,1,40.255982220944979
1,1,1,0,0,1,1,1,1,0,1,1,0,0,0,0,0,1,0,1,242.18789366278259
1,1,1,0,0,1,1,1,1,0,1,1,0,0,0,0,0,1,0,1,128.5541776331288
1,1,1,0,0,1,1,1,1,0,1,1,0,0,0,0,0,1,0,1,141.74979343650892
1,1,1,0,0,1,1,1,1,0,1,1,0,0,0,0,0,1,0,1,258.57994025306232
1,1,1,0,0,1,1,1,1,0,1,1,0,0,0,0,0,1,0,1,57.066982930869486
1,1,1,0,0,1,1,1,1,0,1,1,0,0,0,0,0,1,0,1,61.467453301646508
1,1,1,0,0,1,1,1,1,0,1,1,0,0,0,0,0,1,0,1,257.70013586358004
1,1,1,0,0,1,1,1,1,0,1,1,0,0,0,0,0,1,0,1,182.82713373549507
1,1,1,0,0,1,1,1,1,0,1,1,0,0,0,0,0,1,0,1,214.90443398854265
1,1,1,0,0,1,1,1,1,0,1,1,0,0,0,0,0,1,0,1,224.2981697904965
1,1,1,0,0,1,1,1,1,0,1,1,0,0,0,0,0,1,0,1,123.80776068067647
1,1,1,0,0,1,1,1,1,0,1,1,0,0,0,0,0,1,0,1,47.34400323114761
1,1,1,0,0,1,1,1,1,0,1,1,0,0,0,0,0,1,0,1,233.21428986337133
1,1,1,0,0,1,1,1,1,0,1,1,0,0,0,0,0,1,0,1,94.530506983037412
1,1,1,0,0,1,1,1,1,0,1,1,0,0,0,0,0,1,0,1,265.7793718951491
